2020-10-05 10:53:07.659006,0,9.777744935025515,9.836384740972553,5,9.777744935025515,9.875894060067417
2020-10-05 10:53:29.249215,1000,9.777741571033342,9.777741571383466,188,9.777741571170548,9.885729079396581
2020-10-05 10:53:50.951992,2000,9.777741571007153,9.77774157117216,16,9.777741579761827,9.959549912415106
2020-10-05 10:54:12.177619,3000,9.777741571007153,9.77774157107476,13,9.777741571428086,9.873648421871023
2020-10-05 10:54:33.599985,4000,9.777741571006837,9.777741571049637,10,9.777741582263005,9.919610923547951
2020-10-05 10:54:54.892595,5000,9.777741571003931,9.777741571027551,9,9.777741571033214,9.923837705481214
2020-10-05 10:55:16.269041,6000,9.7777415710003,9.777741571024128,7,9.77774157964544,9.907441635148299
2020-10-05 10:55:37.556591,7000,9.7777415710003,9.777741571023318,3,9.7777415734035,9.886780580916822
2020-10-05 10:55:59.205900,8000,9.777741570999481,9.77774157102158,6,9.77774157361659,9.906720427219678
2020-10-05 10:56:20.374686,9000,9.77774157099796,9.777741571019492,2,9.777741573602837,9.907063387176128
2020-10-05 10:56:41.623485,10000,9.77774157099796,9.777741571014012,1,9.777741610642341,9.907921189646933
2020-10-05 10:57:02.909775,11000,9.77774157099796,9.777741571013964,1,9.77774157567144,9.913092002751997
2020-10-05 10:57:24.059738,12000,9.77774157099796,9.777741571013722,1,9.777741577076196,9.907641035517646
2020-10-05 10:57:45.345315,13000,9.77774157099796,9.77774157101362,2,9.777741825998628,9.844928818652305
2020-10-05 10:58:06.729381,14000,9.777741570997357,9.777741571013504,2,9.777741586487128,9.863817462174492
2020-10-05 10:58:28.069883,15000,9.777741570997318,9.777741571011388,7,9.777742608556286,9.86716711611478
2020-10-05 10:58:49.499728,16000,9.777741570997286,9.777741571011385,1,9.798333913861136,9.941967156010305
2020-10-05 10:59:10.840957,17000,9.777741570997286,9.777741571011385,0,9.777741961658482,9.93006220707566
2020-10-05 10:59:32.363455,18000,9.777741570997126,9.777741571010376,3,9.807315192642774,9.981390650507825
2020-10-05 10:59:53.490809,19000,9.777741570997126,9.777741571009631,2,9.777741571646517,9.92495909717116
2020-10-05 11:00:14.891478,20000,9.777741570994904,9.777741571007448,4,9.777761242202518,9.901823245661395
2020-10-05 11:00:36.263845,21000,9.777741570994904,9.777741571007406,2,9.777741573246491,9.905045881396203
2020-10-05 11:00:57.438002,22000,9.777741570994904,9.77774157100687,2,9.77774157470438,9.895363258898263
2020-10-05 11:01:18.484850,23000,9.777741570994904,9.77774157100687,0,9.777741897695158,9.913795134897557
2020-10-05 11:01:39.698440,24000,9.777741570994904,9.777741571006386,2,9.777741571048907,9.888023378749502
2020-10-05 11:02:01.603218,25000,9.777741570994904,9.777741571006338,1,9.777741571376701,9.871491487653982
2020-10-05 11:02:22.966409,26000,9.777741570994479,9.777741571006304,1,9.777741793367786,9.873699514852884
2020-10-05 11:02:44.111995,27000,9.777741570994479,9.777741571006304,0,9.777741648106169,9.942311443605485
2020-10-05 11:03:05.593495,28000,9.777741570994479,9.77774157100442,2,9.777741577231026,9.914866882993737
2020-10-05 11:03:26.980993,29000,9.777741570994479,9.77774157100442,1,9.77774164545556,9.89066219947979
2020-10-05 11:03:48.288334,30000,9.777741570994479,9.77774157100442,0,9.777741577241372,9.864737497768902
2020-10-05 11:04:09.503187,31000,9.777741570994479,9.777741571004393,1,9.77774158543901,9.900961888330288
2020-10-05 11:04:31.746029,32000,9.777741570994479,9.77774157100431,1,9.778442084195182,9.945208473261397
2020-10-05 11:04:58.501564,33000,9.777741570994479,9.777741571004132,1,9.777741572085421,9.90339040515697
2020-10-05 11:05:26.431640,34000,9.777741570994479,9.77774157100311,3,9.777741575778453,9.91949898830653
2020-10-05 11:05:52.857445,35000,9.777741570994479,9.777741571001618,3,9.777741571270685,9.910316007427591
2020-10-05 11:06:18.448788,36000,9.777741570994479,9.777741571000496,1,9.777742692473536,9.931109632314458
2020-10-05 11:06:45.098007,37000,9.777741570994479,9.777741571000298,4,9.777741662266703,9.929798168917278
2020-10-05 11:07:11.479767,38000,9.777741570994479,9.777741571000298,0,9.777742074355924,9.949362582795032
2020-10-05 11:07:37.707489,39000,9.777741570994479,9.777741571000298,0,9.777741579928305,9.8962288566655
2020-10-05 11:08:04.778543,40000,9.777741570994479,9.777741570998531,3,9.777741576617732,9.9092645379568
2020-10-05 11:08:31.434909,41000,9.777741570994479,9.777741570998467,1,9.778444453356201,9.958325496592158
2020-10-05 11:08:57.136500,42000,9.777741570994479,9.77774157099843,2,9.777741571533042,9.925759456892226
2020-10-05 11:09:23.654009,43000,9.777741570994479,9.77774157099831,1,9.777742598313145,9.915099759979956
2020-10-05 11:09:48.525524,44000,9.777741570994479,9.777741570998261,1,9.777741571720112,9.906380149025049
2020-10-05 11:10:09.104219,45000,9.777741570993424,9.777741570998105,3,9.777741578348992,9.876007897020832
2020-10-05 11:10:29.402089,46000,9.777741570993424,9.777741570998105,0,9.978426408168293,9.998020304846774
2020-10-05 11:10:50.305795,47000,9.777741570993424,9.777741570998037,2,9.777845052100107,9.929238492711864
2020-10-05 11:11:11.092016,48000,9.777741570993424,9.777741570997954,1,9.777741571283153,9.887464975828422
2020-10-05 11:11:32.180094,49000,9.777741570993424,9.777741570997954,0,9.777741571031166,9.873221204329306
2020-10-05 11:11:53.085943,50000,9.777741570993424,9.777741570997735,1,9.777943837389254,9.888615376994705
2020-10-05 11:12:14.038434,51000,9.777741570993424,9.777741570997621,1,9.777741933329102,9.865949068085458
2020-10-05 11:12:35.126004,52000,9.777741570993424,9.777741570997621,0,9.777741571858435,9.893501499102506
2020-10-05 11:12:56.271082,53000,9.777741570993424,9.777741570997543,2,9.77774157103153,9.885280905697254
2020-10-05 11:13:17.487501,54000,9.777741570993424,9.777741570997543,0,9.777741633246718,9.882076923491622
2020-10-05 11:13:38.711560,55000,9.777741570993424,9.777741570997543,0,9.777746827730827,9.889914704930137
2020-10-05 11:13:59.892585,56000,9.777741570993424,9.777741570997543,0,9.777741592127375,9.90708949946457
2020-10-05 11:14:21.148963,57000,9.777741570993424,9.777741570997529,2,9.777741571240687,9.86161178430746
2020-10-05 11:14:42.233265,58000,9.777741570993424,9.777741570997255,1,9.777741571016241,9.83632944132092
2020-10-05 11:15:03.026758,59000,9.777741570993424,9.777741570997188,2,9.777751230298598,9.926577218844281
2020-10-05 11:15:24.134094,60000,9.777741570993424,9.77774157099711,1,9.777741590549903,9.937242534928275
2020-10-05 11:15:45.255929,61000,9.777741570993424,9.77774157099711,0,9.77774158562381,9.883709349896119
2020-10-05 11:16:06.539395,62000,9.777741570993424,9.77774157099711,0,9.777747594689107,9.962990802464972
2020-10-05 11:16:27.777756,63000,9.777741570993424,9.77774157099711,0,9.777741573426297,9.870045560372297
2020-10-05 11:16:48.958436,64000,9.777741570993369,9.777741570996271,2,9.777741571706086,9.922052492151094
2020-10-05 11:17:10.150732,65000,9.777741570993369,9.777741570996271,0,9.777743950016117,9.912145813983079
2020-10-05 11:17:31.350109,66000,9.777741570993369,9.777741570996271,0,9.777741578144964,9.891978439592075
2020-10-05 11:17:52.784236,67000,9.777741570993369,9.777741570996245,1,9.77774159568553,9.926085992700427
2020-10-05 11:18:13.680549,68000,9.777741570993369,9.77774157099614,3,9.77774158323832,9.928687063834698
2020-10-05 11:18:34.801948,69000,9.777741570993369,9.77774157099614,0,9.777793887784817,9.976802478489214
2020-10-05 11:18:55.992617,70000,9.777741570993369,9.777741570995682,2,9.777741577720523,9.93917374835962
2020-10-05 11:19:17.094675,71000,9.777741570993369,9.777741570995682,0,9.777741571862485,9.944332322185577
2020-10-05 11:19:38.237840,72000,9.777741570993369,9.777741570995682,0,9.777741571234094,9.869059745612239
2020-10-05 11:19:59.324352,73000,9.777741570993369,9.777741570995682,0,9.777741578216382,9.943283991515754
2020-10-05 11:20:20.339526,74000,9.777741570993369,9.777741570995682,0,9.778279842980286,9.906709053590596
2020-10-05 11:20:41.376812,75000,9.777741570993369,9.777741570995682,0,9.777741666314682,9.91077998837199
2020-10-05 11:21:02.828576,76000,9.777741570993369,9.777741570995682,0,9.777741572786976,9.926033473277354
2020-10-05 11:21:24.019685,77000,9.777741570993369,9.777741570995572,1,9.777741591213319,9.92949868871121
2020-10-05 11:21:44.996990,78000,9.777741570993369,9.777741570995572,0,9.77774157180265,9.94038941886609
2020-10-05 11:22:06.118298,79000,9.777741570993369,9.77774157099523,1,9.777800852637268,9.943877492004894
2020-10-05 11:22:27.306321,80000,9.777741570993369,9.77774157099523,0,9.777741571032891,9.889249496564128
2020-10-05 11:22:48.407654,81000,9.777741570993369,9.77774157099523,0,9.77774157154876,9.942063147267145
2020-10-05 11:23:09.770383,82000,9.777741570993369,9.77774157099523,0,9.777752124028865,9.94089729176543
2020-10-05 11:23:30.840698,83000,9.777741570993369,9.77774157099523,0,9.77774157166374,9.89059509516248
2020-10-05 11:23:51.822104,84000,9.777741570993369,9.77774157099523,0,9.781085930613678,9.962228424628853
2020-10-05 11:24:12.804663,85000,9.777741570993369,9.77774157099523,0,9.777741658142661,9.88981167319477
2020-10-05 11:24:33.774632,86000,9.777741570993369,9.77774157099523,0,9.77774157195367,9.891340680420937
2020-10-05 11:24:54.950124,87000,9.777741570993234,9.777741570995214,1,9.777741571234412,9.921992544136893
2020-10-05 11:25:16.185066,88000,9.777741570993234,9.777741570995214,0,9.777962886929513,9.913002957726782
2020-10-05 11:25:37.178207,89000,9.777741570993234,9.777741570995213,1,9.777741571449308,9.889000655862764
2020-10-05 11:25:58.069272,90000,9.777741570993234,9.777741570994959,1,9.777742601151314,9.92252941720923
2020-10-05 11:26:19.329019,91000,9.777741570993234,9.777741570994959,0,9.777811049082931,9.92408400187054
2020-10-05 11:26:40.499257,92000,9.777741570993234,9.777741570994936,1,9.777741571129603,9.895594754983172
2020-10-05 11:27:01.739201,93000,9.777741570993234,9.777741570994934,1,9.77774157711354,9.910200083079195
2020-10-05 11:27:23.206800,94000,9.777741570993234,9.777741570994934,0,9.777741572651733,9.909354205802632
2020-10-05 11:27:44.462873,95000,9.777741570993234,9.77774157099492,1,9.777741571754905,9.849918409445477
2020-10-05 11:28:05.943497,96000,9.777741570993234,9.77774157099492,0,9.77780823625641,9.917953624190668
2020-10-05 11:28:27.154356,97000,9.777741570993234,9.77774157099492,0,9.777741595679705,9.884154883387115
2020-10-05 11:28:48.063416,98000,9.777741570993234,9.77774157099492,0,9.777741571200707,9.928329418420462
2020-10-05 11:29:09.127022,99000,9.777741570993234,9.77774157099492,0,9.777741589569587,9.94313009110214
2020-10-05 11:29:30.200865,100000,9.777741570993234,9.77774157099492,0,9.777749718743925,9.899750032452099
2020-10-05 11:29:51.209422,101000,9.777741570993234,9.77774157099492,0,9.777741596163743,9.914372499720244
2020-10-05 11:30:12.270654,102000,9.777741570993234,9.77774157099492,0,9.77776453496606,9.93957166191011
2020-10-05 11:30:33.511815,103000,9.777741570993234,9.77774157099492,0,9.777741668131265,9.908524032462667
2020-10-05 11:30:54.404836,104000,9.777741570993234,9.77774157099492,0,9.777741575284267,9.915357169566544
2020-10-05 11:31:15.715954,105000,9.777741570993234,9.77774157099492,0,9.777741574923654,9.873558211761305
2020-10-05 11:31:36.946595,106000,9.777741570993234,9.77774157099492,0,9.777746635976895,9.91813097860729
2020-10-05 11:31:58.085791,107000,9.777741570993234,9.77774157099492,0,9.777741594138444,9.876315883682288
2020-10-05 11:32:19.259541,108000,9.777741570993234,9.77774157099492,0,9.778176960866915,9.92152354627698
2020-10-05 11:32:40.222608,109000,9.777741570993234,9.77774157099492,0,9.777741581550424,9.864869918234335
2020-10-05 11:33:01.330835,110000,9.777741570993234,9.77774157099492,0,9.777743179521039,9.943244286626598
2020-10-05 11:33:22.535805,111000,9.777741570993234,9.77774157099492,0,9.777741612511448,9.906221650752494
2020-10-05 11:33:43.542578,112000,9.777741570993234,9.77774157099492,0,9.777741571002784,9.85568743510549
2020-10-05 11:34:04.697723,113000,9.777741570993234,9.77774157099492,0,9.777741571369846,9.917719564512376
2020-10-05 11:34:25.633222,114000,9.777741570993234,9.77774157099492,0,9.777742730590743,9.944223083593355
2020-10-05 11:34:46.544812,115000,9.777741570993234,9.77774157099492,0,9.77774178306682,9.882237725969338
2020-10-05 11:35:07.519787,116000,9.777741570993234,9.77774157099492,0,9.77774157199348,9.92214886442371
2020-10-05 11:35:28.474492,117000,9.777741570993234,9.77774157099492,0,9.777741753011236,9.853182907237358
2020-10-05 11:35:49.556413,118000,9.777741570993234,9.77774157099492,0,9.777758668164347,9.902844639300033
2020-10-05 11:36:10.526391,119000,9.777741570993234,9.77774157099492,0,9.777741598002699,9.915447987007552
2020-10-05 11:36:31.830264,120000,9.77774157099308,9.77774157099459,1,9.777741601578471,9.9008224671756
2020-10-05 11:36:52.894250,121000,9.77774157099308,9.77774157099459,0,9.777742952302205,9.939111988880368
2020-10-05 11:37:13.867630,122000,9.77774157099308,9.77774157099459,0,9.777741571047839,9.922890621054504
2020-10-05 11:37:35.062568,123000,9.77774157099308,9.77774157099459,0,9.777741586181335,9.850884664227715
2020-10-05 11:37:56.352986,124000,9.77774157099308,9.77774157099456,1,9.777742328528968,9.927629130199806
2020-10-05 11:38:17.705428,125000,9.77774157099308,9.77774157099456,0,9.777741572727304,9.81574583613074
2020-10-05 11:38:38.764271,126000,9.77774157099308,9.77774157099456,0,9.777741574767765,9.912192486621965
2020-10-05 11:38:59.726817,127000,9.77774157099308,9.77774157099456,0,9.778969049457606,9.922432415737768
2020-10-05 11:39:20.937177,128000,9.77774157099308,9.77774157099456,0,9.777980539515404,9.958695366368378
2020-10-05 11:39:42.246111,129000,9.77774157099308,9.77774157099456,0,9.777741571033944,9.877742496068343
2020-10-05 11:40:03.367089,130000,9.77774157099308,9.77774157099456,0,9.777741571382041,9.925846324344848
2020-10-05 11:40:24.567986,131000,9.77774157099308,9.777741570994541,1,9.778945454207157,9.933659138808082
2020-10-05 11:40:45.866701,132000,9.77774157099308,9.777741570994504,1,9.77774160923724,9.902126281241753
2020-10-05 11:41:07.173403,133000,9.77774157099308,9.777741570994504,0,9.777908686876884,9.948747506143288
2020-10-05 11:41:28.355718,134000,9.77774157099308,9.777741570994504,0,9.777741571174206,9.944399304883698
2020-10-05 11:41:49.906926,135000,9.77774157099308,9.777741570994504,0,9.77774198033244,9.938559916276203
2020-10-05 11:42:10.816211,136000,9.77774157099308,9.777741570994504,0,9.777741571457634,9.925982528013906
2020-10-05 11:42:31.957388,137000,9.77774157099308,9.777741570994504,0,9.777741571707951,9.921286710844878
2020-10-05 11:42:53.082208,138000,9.77774157099308,9.777741570994504,0,9.777741635534321,9.900072666366322
2020-10-05 11:43:14.538367,139000,9.77774157099308,9.777741570994504,0,9.777741570998058,9.884933765249022
2020-10-05 11:43:35.834763,140000,9.77774157099308,9.777741570994504,0,9.77774157101262,9.886468990294942
2020-10-05 11:43:56.919491,141000,9.77774157099308,9.777741570994504,0,9.777741573142755,9.929653377968906
2020-10-05 11:44:17.802787,142000,9.77774157099308,9.777741570994504,0,9.77774164424528,9.859684862311559
2020-10-05 11:44:38.656832,143000,9.77774157099308,9.777741570994504,0,9.77774157251338,9.899332638093322
2020-10-05 11:44:59.659025,144000,9.77774157099308,9.777741570994504,0,9.7777420383898,9.916712539840068
2020-10-05 11:45:20.610460,145000,9.77774157099308,9.777741570994504,0,9.777741753960353,9.933748149521008
2020-10-05 11:45:41.621029,146000,9.77774157099308,9.777741570994504,0,9.777742042556886,9.911503489418449
2020-10-05 11:46:02.762135,147000,9.77774157099308,9.777741570994504,0,9.777741915215213,9.943593172679705
2020-10-05 11:46:23.794630,148000,9.77774157099308,9.777741570994504,0,9.77774157273732,9.866550782398575
2020-10-05 11:46:44.960635,149000,9.77774157099308,9.777741570994504,0,9.777741571532895,9.928663510242764
2020-10-05 11:47:06.240769,150000,9.77774157099308,9.777741570994504,0,9.77774166497378,9.879206936471386
2020-10-05 11:47:27.304022,151000,9.77774157099308,9.777741570994504,0,9.77774164947396,9.889494084484317
2020-10-05 11:47:48.486854,152000,9.77774157099308,9.777741570994499,1,9.777741571449486,9.868071098297486
2020-10-05 11:48:09.778668,153000,9.77774157099308,9.777741570994499,0,9.7777416466046,9.860646226811234
2020-10-05 11:48:30.991226,154000,9.77774157099308,9.777741570994499,0,9.777741780869448,9.904531550136907
2020-10-05 11:48:52.078475,155000,9.77774157099308,9.777741570994454,2,9.7777416493378,9.83983340189316
2020-10-05 11:49:13.336598,156000,9.77774157099308,9.777741570994454,0,9.777741868672814,9.906560133187147
2020-10-05 11:49:34.087412,157000,9.77774157099308,9.777741570994454,0,9.777741572714406,9.965407384955743
2020-10-05 11:49:54.822563,158000,9.77774157099308,9.777741570994454,0,9.777741573528647,9.900431494861104
2020-10-05 11:50:15.614211,159000,9.77774157099308,9.777741570994454,0,9.777741571796026,9.95862396847245
2020-10-05 11:50:36.539745,160000,9.77774157099308,9.777741570994454,0,9.77774157219507,9.854824589375193
2020-10-05 11:50:57.791490,161000,9.77774157099308,9.777741570994449,1,9.777741574963944,9.88968770808626
2020-10-05 11:51:19.011729,162000,9.77774157099308,9.777741570994449,0,9.777741571031953,9.919579047803998
2020-10-05 11:51:39.971001,163000,9.77774157099308,9.777741570994449,0,9.77813931305123,9.918712835609142
2020-10-05 11:52:00.927348,164000,9.77774157099308,9.777741570994197,2,9.777741571118952,9.926621125132135
2020-10-05 11:52:21.718672,165000,9.77774157099308,9.777741570994197,0,9.777741578981153,9.874292771197561
2020-10-05 11:52:42.664916,166000,9.77774157099308,9.777741570994197,0,9.777741589712004,9.920771302460356
2020-10-05 11:53:03.746700,167000,9.77774157099308,9.777741570994197,0,9.77774157725523,9.903625582522146
2020-10-05 11:53:25.088677,168000,9.777741570992985,9.777741570994175,1,9.77774157103594,9.910803580682556
2020-10-05 11:53:46.255301,169000,9.777741570992985,9.777741570994175,0,9.77774220278546,9.938486971380742
2020-10-05 11:54:07.492865,170000,9.777741570992985,9.777741570994175,0,9.777741598119121,9.913088450246157
2020-10-05 11:54:28.723603,171000,9.777741570992985,9.777741570994175,0,9.777741581597308,9.939582683119353
2020-10-05 11:54:49.659895,172000,9.777741570992985,9.777741570994175,0,9.77777302328943,9.940219434238266
2020-10-05 11:55:10.784028,173000,9.777741570992985,9.777741570994175,0,9.777741580140807,9.905413660925362
2020-10-05 11:55:31.751511,174000,9.777741570992985,9.777741570994175,0,9.777741571342476,9.880364864866438
2020-10-05 11:55:53.075939,175000,9.777741570992985,9.77774157099417,1,9.77774179353648,9.919536995396749
2020-10-05 11:56:14.249178,176000,9.777741570992985,9.77774157099417,0,9.780006779601536,9.975208381728178
2020-10-05 11:56:35.132147,177000,9.777741570992985,9.77774157099417,0,9.777741574594677,9.900212622473363
2020-10-05 11:56:56.073237,178000,9.777741570992985,9.77774157099417,0,9.777741581039589,9.91751690794169
2020-10-05 11:57:17.037347,179000,9.777741570992985,9.777741570994088,1,9.777741571800881,9.94156991051252
2020-10-05 11:57:37.931432,180000,9.777741570992985,9.777741570994088,0,9.777741572342462,9.884632732970141
2020-10-05 11:57:59.051535,181000,9.777741570992985,9.777741570994088,0,9.777741722033305,9.892387358754457
2020-10-05 11:58:20.367585,182000,9.777741570992985,9.777741570994088,0,9.777741618292168,9.930280884603002
2020-10-05 11:58:41.421753,183000,9.777741570992985,9.777741570994088,0,9.777741576199865,9.919110620474873
2020-10-05 11:59:02.721707,184000,9.777741570992985,9.777741570994088,1,9.777741584469702,9.926238929802263
2020-10-05 11:59:23.857761,185000,9.77774157099259,9.777741570993934,1,9.777741571035204,9.928496406016377
2020-10-05 11:59:45.022120,186000,9.77774157099259,9.777741570993934,0,9.820143843475861,9.983125562826272
2020-10-05 12:00:06.337444,187000,9.77774157099259,9.777741570993934,0,9.77774158125983,9.892627361221338
2020-10-05 12:00:27.445705,188000,9.77774157099259,9.777741570993934,0,9.777741571561297,9.905865588867139
2020-10-05 12:00:48.596328,189000,9.77774157099259,9.777741570993934,0,9.777741574449923,9.895758710044094
2020-10-05 12:01:09.879393,190000,9.77774157099259,9.777741570993934,0,9.777741577050627,9.930982170840622
2020-10-05 12:01:30.988543,191000,9.77774157099259,9.777741570993934,0,9.777741577681537,9.849718647856045
2020-10-05 12:01:51.992177,192000,9.77774157099259,9.777741570993934,0,9.777741573669179,9.88110592872216
2020-10-05 12:02:13.818471,193000,9.77774157099259,9.777741570993934,0,9.77774273787834,9.933368263331621
2020-10-05 12:02:34.979058,194000,9.77774157099259,9.777741570993934,0,9.777741573822183,9.929148923640538
2020-10-05 12:02:56.009499,195000,9.77774157099259,9.777741570993934,0,9.777741573828433,9.857497847498108
2020-10-05 12:03:17.082752,196000,9.77774157099259,9.777741570993934,0,9.77774293000554,9.961863789864731
2020-10-05 12:03:37.977010,197000,9.77774157099259,9.777741570993934,0,9.777742634062038,9.889675425225583
2020-10-05 12:03:58.797459,198000,9.77774157099259,9.777741570993934,0,9.77774186866786,9.880625926288902
2020-10-05 12:04:19.860429,199000,9.77774157099259,9.777741570993934,0,9.777741571043304,9.919229592706204
2020-10-05 12:04:40.969822,200000,9.77774157099259,9.777741570993934,0,9.777741601265275,9.930829625407245
2020-10-05 12:05:02.055049,201000,9.77774157099259,9.777741570993927,1,9.777741642102065,9.941444790610873
2020-10-05 12:05:23.261056,202000,9.77774157099259,9.777741570993927,0,9.778064461037369,9.890871020113874
2020-10-05 12:05:44.494925,203000,9.77774157099259,9.777741570993927,0,9.777741579597912,9.884380123770987
2020-10-05 12:06:05.566436,204000,9.77774157099259,9.777741570993927,0,9.777757543269214,9.912330893341313
2020-10-05 12:06:26.623780,205000,9.77774157099259,9.777741570993927,0,9.777741583255894,9.878323463961083
2020-10-05 12:06:47.714133,206000,9.77774157099259,9.777741570993927,0,9.77774162332977,9.888771886661482
2020-10-05 12:07:08.966866,207000,9.77774157099259,9.777741570993927,0,9.77780967120677,9.942146319456539
2020-10-05 12:07:30.186227,208000,9.77774157099259,9.777741570993927,0,9.777741577149303,9.893232697330877
2020-10-05 12:07:51.504104,209000,9.77774157099259,9.777741570993927,0,9.777741572886926,9.889926074082668
2020-10-05 12:08:12.721429,210000,9.77774157099259,9.777741570993927,0,9.777742137218336,9.963701837943118
2020-10-05 12:08:33.849205,211000,9.77774157099259,9.777741570993927,0,9.777743509425184,9.882817103918624
2020-10-05 12:08:54.944258,212000,9.77774157099259,9.777741570993927,0,9.777741579280827,9.931842369275552
2020-10-05 12:09:16.105130,213000,9.77774157099259,9.777741570993927,0,9.777741571159357,9.952162479625406
2020-10-05 12:09:37.189343,214000,9.77774157099259,9.777741570993927,1,9.777760719393353,9.946131182372817
2020-10-05 12:09:58.254997,215000,9.77774157099259,9.777741570993927,0,9.784748155850458,9.976155873888032
2020-10-05 12:10:19.341005,216000,9.77774157099259,9.777741570993927,0,9.77774158222135,9.881144534656665
2020-10-05 12:10:40.579155,217000,9.77774157099259,9.777741570993927,0,9.777741571021046,9.906035638708923
2020-10-05 12:11:01.644124,218000,9.77774157099259,9.777741570993927,0,9.777748875682079,9.924911491587883
2020-10-05 12:11:22.958481,219000,9.77774157099259,9.777741570993927,0,9.777742057660022,9.940824357887402
2020-10-05 12:11:44.076065,220000,9.77774157099259,9.777741570993925,1,9.777741572859478,9.887543511081367
2020-10-05 12:12:05.335740,221000,9.77774157099259,9.777741570993925,0,9.777741663003047,9.877782095041074
2020-10-05 12:12:26.418632,222000,9.77774157099259,9.777741570993925,0,9.777747759433588,9.918018370625031
2020-10-05 12:12:47.416789,223000,9.77774157099259,9.777741570993925,0,9.777741674138422,9.889122120661503
2020-10-05 12:13:08.493761,224000,9.77774157099259,9.777741570993925,1,9.77774157106855,9.85319286996661
2020-10-05 12:13:29.436211,225000,9.77774157099259,9.777741570993925,0,9.777741670509164,9.9260933990995
2020-10-05 12:13:50.524964,226000,9.77774157099259,9.777741570993925,0,9.777741983425823,9.904807890174073
2020-10-05 12:14:11.554629,227000,9.77774157099259,9.777741570993925,0,9.777741579911142,9.891127884555662
2020-10-05 12:14:32.658297,228000,9.77774157099259,9.777741570993925,0,9.777741576549401,9.909814219524481
2020-10-05 12:14:53.799483,229000,9.77774157099259,9.777741570993925,0,9.777741575074991,9.942089809905136
2020-10-05 12:15:15.042796,230000,9.77774157099259,9.777741570993925,0,9.777741572009937,9.88971032739281
2020-10-05 12:15:36.160736,231000,9.77774157099259,9.777741570993925,0,9.777741571772518,9.936106139387922
2020-10-05 12:15:57.314760,232000,9.77774157099259,9.777741570993925,0,9.777741633433573,9.906276375272515
2020-10-05 12:16:18.414961,233000,9.77774157099259,9.777741570993925,0,9.777741624412155,9.916929351309994
2020-10-05 12:16:39.597524,234000,9.77774157099259,9.777741570993925,0,9.777741577678134,9.901655036159204
2020-10-05 12:17:00.905462,235000,9.77774157099259,9.777741570993925,0,9.777741571043006,9.86036076908359
2020-10-05 12:17:22.025994,236000,9.77774157099259,9.777741570993925,0,9.77774157254642,9.88922426915921
2020-10-05 12:17:43.133596,237000,9.77774157099259,9.777741570993925,0,9.777741594863683,9.950634751784763
2020-10-05 12:18:04.659078,238000,9.77774157099259,9.777741570993925,0,9.777741571732362,9.906213213378983
2020-10-05 12:18:25.812449,239000,9.77774157099259,9.77774157099379,1,9.777741575367648,9.905164290878192
2020-10-05 12:18:46.819307,240000,9.77774157099259,9.77774157099379,0,9.777741571087944,9.948741346732476
2020-10-05 12:19:08.182913,241000,9.77774157099259,9.77774157099379,0,9.777750835232755,9.913507223789265
2020-10-05 12:19:29.157066,242000,9.77774157099259,9.77774157099379,0,9.777741571255916,9.846101251585809
2020-10-05 12:19:49.977091,243000,9.77774157099259,9.77774157099379,0,9.777744285099038,9.925766990260984
2020-10-05 12:20:10.941493,244000,9.77774157099259,9.777741570993788,1,9.777741571511388,9.906351360519695
2020-10-05 12:20:31.777458,245000,9.77774157099259,9.777741570993788,0,9.777741601634476,9.914585655078932
2020-10-05 12:20:52.638952,246000,9.77774157099259,9.777741570993776,1,9.777741600106994,9.934022050668574
2020-10-05 12:21:13.718129,247000,9.77774157099259,9.777741570993776,0,9.777742427350676,9.89073193275636
2020-10-05 12:21:34.692628,248000,9.77774157099259,9.777741570993776,0,9.777744983707601,9.851126290298149
2020-10-05 12:21:55.671646,249000,9.77774157099259,9.777741570993776,0,9.777741642642997,9.900703859734035
2020-10-05 12:22:16.642539,250000,9.77774157099259,9.777741570993776,0,9.777741572897611,9.909233993489456
2020-10-05 12:22:37.750171,251000,9.77774157099259,9.777741570993776,0,9.77774157209688,9.952232302919322
2020-10-05 12:22:58.864330,252000,9.77774157099259,9.777741570993776,0,9.777741573880425,9.917166487204156
2020-10-05 12:23:20.186598,253000,9.77774157099259,9.777741570993776,0,9.777925867958993,9.947622830590147
2020-10-05 12:23:41.254907,254000,9.77774157099259,9.777741570993776,0,9.777744279026019,9.89794544305993
2020-10-05 12:24:02.369996,255000,9.77774157099259,9.777741570993776,0,9.777747130832726,9.885830988193838
2020-10-05 12:24:23.262838,256000,9.77774157099259,9.777741570993776,0,9.777741572937101,9.915535105272557
2020-10-05 12:24:44.370063,257000,9.77774157099259,9.777741570993774,1,9.777741572876247,9.92631219116718
2020-10-05 12:25:05.955764,258000,9.77774157099259,9.777741570993774,0,9.777741571004475,9.896449101641842
2020-10-05 12:25:27.081176,259000,9.77774157099259,9.777741570993774,0,9.777741571163125,9.927981933030964
2020-10-05 12:25:48.084207,260000,9.77774157099259,9.777741570993774,0,9.777741571230006,9.93063846252384
2020-10-05 12:26:09.127007,261000,9.77774157099259,9.777741570993774,0,9.777741571389475,9.924970270367382
2020-10-05 12:26:29.958869,262000,9.77774157099259,9.777741570993774,0,9.779653556848393,9.949739713159774
2020-10-05 12:26:50.884284,263000,9.77774157099259,9.777741570993774,0,9.777875811200873,9.965684757793026
2020-10-05 12:27:12.109805,264000,9.77774157099259,9.777741570993774,0,9.803641582127465,9.95779325223081
2020-10-05 12:27:33.086641,265000,9.77774157099259,9.777741570993774,0,9.777741595223887,9.937466748444653
2020-10-05 12:27:54.288722,266000,9.77774157099259,9.777741570993774,0,9.777741571034149,9.912598683355585
2020-10-05 12:28:15.482621,267000,9.77774157099259,9.777741570993774,0,9.777742765422238,9.942613716949323
2020-10-05 12:28:36.743567,268000,9.77774157099259,9.777741570993774,0,9.777741571177136,9.909497244976626
2020-10-05 12:28:58.039760,269000,9.77774157099259,9.777741570993774,0,9.777741574533911,9.89822709974266
2020-10-05 12:29:18.908863,270000,9.77774157099259,9.777741570993774,0,9.777741632794438,9.931274833288455
2020-10-05 12:29:39.656297,271000,9.77774157099259,9.777741570993774,0,9.777741895125907,9.898390136084823
2020-10-05 12:30:00.691507,272000,9.77774157099259,9.777741570993774,0,9.777741682026626,9.931203043846562
2020-10-05 12:30:21.929613,273000,9.77774157099259,9.777741570993774,0,9.777741571278442,9.908096104005317
2020-10-05 12:30:42.738806,274000,9.77774157099259,9.777741570993774,0,9.777741575242704,9.913671824067013
2020-10-05 12:31:03.857817,275000,9.77774157099259,9.777741570993774,0,9.77774190496618,9.92968543592383
2020-10-05 12:31:24.876117,276000,9.77774157099259,9.777741570993774,0,9.777741730098539,9.92830295011123
2020-10-05 12:31:45.953689,277000,9.77774157099259,9.777741570993735,2,9.777741581676354,9.90814265011103
2020-10-05 12:32:07.213980,278000,9.77774157099259,9.777741570993735,0,9.777741572777588,9.944211391756946
2020-10-05 12:32:28.389194,279000,9.77774157099259,9.777741570993735,0,9.777743855823273,9.888018893232777
2020-10-05 12:32:49.497379,280000,9.77774157099259,9.777741570993735,0,9.77774413832656,9.905326049682362
2020-10-05 12:33:10.633692,281000,9.77774157099259,9.777741570993735,0,9.777741578969112,9.8536124352439
2020-10-05 12:33:31.664236,282000,9.77774157099259,9.777741570993735,0,9.778412747568503,9.946859284841283
2020-10-05 12:33:52.761766,283000,9.77774157099259,9.777741570993735,0,9.777741582842344,9.89839632103309
2020-10-05 12:34:13.756271,284000,9.77774157099259,9.777741570993735,0,9.777743300563293,9.92059127920754
2020-10-05 12:34:34.767656,285000,9.77774157099259,9.777741570993735,0,9.777741572474886,9.906986101206817
2020-10-05 12:34:56.164514,286000,9.77774157099259,9.777741570993687,2,9.7777747414335,9.964884628122965
2020-10-05 12:35:17.444277,287000,9.77774157099259,9.777741570993687,0,9.777742895513596,9.864418051409272
2020-10-05 12:35:38.693673,288000,9.77774157099259,9.777741570993687,0,9.777741590210589,9.903855266576459
2020-10-05 12:35:59.806910,289000,9.77774157099259,9.777741570993687,0,9.777742628680791,9.858423602489468
2020-10-05 12:36:20.782283,290000,9.77774157099259,9.777741570993687,0,9.778103094394016,9.930369856001954
2020-10-05 12:36:41.937753,291000,9.77774157099259,9.777741570993687,0,9.777741571612145,9.857853790448798
2020-10-05 12:37:03.398729,292000,9.77774157099259,9.777741570993687,1,9.777741575016005,9.93632365785024
2020-10-05 12:37:24.745512,293000,9.77774157099259,9.777741570993687,0,9.777741574470296,9.936328828781106
2020-10-05 12:37:45.804094,294000,9.77774157099259,9.777741570993687,0,9.777865925646946,9.957325799261037
2020-10-05 12:38:06.949256,295000,9.77774157099259,9.777741570993687,0,9.7777415794737,9.9228810198794
2020-10-05 12:38:28.275463,296000,9.77774157099259,9.777741570993687,0,9.777741604194256,9.88408855572036
2020-10-05 12:38:49.408682,297000,9.77774157099259,9.777741570993681,1,9.777741570994191,9.889901849287735
2020-10-05 12:39:10.343919,298000,9.77774157099259,9.777741570993681,0,9.777741571189777,9.893065778888804
2020-10-05 12:39:31.285012,299000,9.77774157099259,9.777741570993681,0,9.777741571020448,9.822698212320153
2020-10-05 12:39:52.246683,300000,9.77774157099259,9.777741570993681,0,9.778184388930114,9.949730003205648
2020-10-05 12:40:13.193499,301000,9.77774157099259,9.777741570993681,0,9.77774157646264,9.884095560660747
2020-10-05 12:40:34.149600,302000,9.77774157099259,9.777741570993681,0,9.77774160147075,9.867695341093722
2020-10-05 12:40:55.212104,303000,9.77774157099259,9.777741570993681,0,9.777750556978,9.92556227309252
2020-10-05 12:41:16.347046,304000,9.77774157099259,9.777741570993681,0,9.777741622710334,9.890350787760406
2020-10-05 12:41:37.342160,305000,9.77774157099259,9.777741570993681,0,9.777745221091687,9.873652043345926
2020-10-05 12:41:58.250526,306000,9.77774157099259,9.777741570993681,0,9.777741572621627,9.888458304380592
2020-10-05 12:42:19.391960,307000,9.77774157099259,9.777741570993681,0,9.777781910898433,9.907634044147416
2020-10-05 12:42:40.768896,308000,9.77774157099259,9.777741570993681,0,9.777741692992583,9.963216928854424
2020-10-05 12:43:02.311147,309000,9.77774157099259,9.777741570993681,0,9.777744651116905,9.90595760843937
2020-10-05 12:43:23.622732,310000,9.77774157099259,9.777741570993681,0,9.777741571228233,9.941758261369836
2020-10-05 12:43:44.586157,311000,9.77774157099259,9.777741570993681,0,9.777742861402304,9.875189600671055
2020-10-05 12:44:05.955981,312000,9.77774157099259,9.777741570993681,0,9.77774157151628,9.897628509296325
2020-10-05 12:44:27.304916,313000,9.77774157099259,9.777741570993681,0,9.777741846413374,9.926560267482907
2020-10-05 12:44:48.396067,314000,9.77774157099259,9.777741570993681,0,9.777741786277396,9.934450229273256
2020-10-05 12:45:09.731966,315000,9.77774157099259,9.777741570993681,0,9.777742912523493,9.943495806899287
2020-10-05 12:45:30.839890,316000,9.77774157099259,9.777741570993681,0,9.777741623075453,9.939261064798938
2020-10-05 12:45:51.793903,317000,9.77774157099259,9.777741570993678,1,9.777741643628564,9.920879424874588
2020-10-05 12:46:12.837071,318000,9.77774157099259,9.777741570993678,0,9.77774161199185,9.92982760131646
2020-10-05 12:46:33.886678,319000,9.77774157099259,9.777741570993664,1,9.777741678480126,9.86139261376458
2020-10-05 12:46:55.111695,320000,9.77774157099259,9.777741570993664,0,9.777803885529408,9.941777936161179
2020-10-05 12:47:16.328696,321000,9.77774157099259,9.777741570993664,0,9.777741571131555,9.901354059484712
2020-10-05 12:47:37.621636,322000,9.77774157099259,9.777741570993664,0,9.777741573535241,9.937822660385963
2020-10-05 12:47:58.754201,323000,9.77774157099259,9.777741570993664,0,9.777741852687903,9.916608098804437
2020-10-05 12:48:19.972585,324000,9.77774157099259,9.777741570993664,0,9.777741571036211,9.898325875699248
2020-10-05 12:48:41.029835,325000,9.77774157099259,9.777741570993664,0,9.777741571113953,9.904481713225307
2020-10-05 12:49:02.069991,326000,9.77774157099259,9.777741570993664,0,9.777741572850838,9.90812556488654
2020-10-05 12:49:22.969657,327000,9.77774157099259,9.777741570993664,0,9.777741575102736,9.918211474750613
2020-10-05 12:49:43.920173,328000,9.77774157099259,9.777741570993664,0,9.777741571174472,9.849658583162872
2020-10-05 12:50:05.014143,329000,9.77774157099259,9.777741570993664,0,9.77774157134215,9.908329265468529
2020-10-05 12:50:26.130495,330000,9.77774157099259,9.777741570993664,0,9.77774235363466,9.886545006718935
2020-10-05 12:50:47.685034,331000,9.77774157099259,9.777741570993664,0,9.777743808766502,9.917186168587103
2020-10-05 12:51:09.191217,332000,9.77774157099259,9.777741570993664,0,9.777741591848649,9.891763253550804
2020-10-05 12:51:30.304757,333000,9.77774157099259,9.777741570993664,0,9.777741571127766,9.908206454401835
2020-10-05 12:51:51.450610,334000,9.77774157099259,9.777741570993664,0,9.777741571796076,9.919799336119349
2020-10-05 12:52:12.429131,335000,9.77774157099259,9.777741570993664,0,9.77774157577846,9.928096985001808
2020-10-05 12:52:33.311935,336000,9.77774157099259,9.777741570993664,0,9.777742726512333,9.923758924288302
2020-10-05 12:52:54.166396,337000,9.77774157099259,9.777741570993664,0,9.777741571419973,9.845368856204983
2020-10-05 12:53:15.243887,338000,9.77774157099259,9.777741570993664,0,9.777741571239256,9.923860749562886
2020-10-05 12:53:36.459608,339000,9.77774157099259,9.777741570993664,0,9.7777415758937,9.901630793574993
2020-10-05 12:53:57.564317,340000,9.77774157099259,9.777741570993664,0,9.777741579548907,9.925788339085155
2020-10-05 12:54:18.634190,341000,9.77774157099259,9.777741570993326,1,9.777741666913448,9.890061812339596
2020-10-05 12:54:39.742156,342000,9.77774157099259,9.777741570993326,0,9.77774853974745,9.923344563613314
2020-10-05 12:55:00.987856,343000,9.77774157099259,9.777741570993326,0,9.777741604160061,9.947761912669353
2020-10-05 12:55:22.304580,344000,9.77774157099259,9.77774157099332,1,9.777743287158188,9.925955263501235
2020-10-05 12:55:43.410549,345000,9.77774157099259,9.777741570993319,1,9.77774157133855,9.868316805781289
2020-10-05 12:56:04.843571,346000,9.77774157099259,9.777741570993276,1,9.777927476373971,9.916386352815097
2020-10-05 12:56:25.844887,347000,9.77774157099259,9.777741570993276,0,9.777741583752293,9.928185614288708
2020-10-05 12:56:46.843290,348000,9.77774157099259,9.777741570993276,0,9.777741819040235,9.887747804920997
2020-10-05 12:57:07.954777,349000,9.77774157099259,9.777741570993276,0,9.77774158243375,9.87933032421871
2020-10-05 12:57:29.186720,350000,9.77774157099259,9.777741570993276,0,9.777741571001641,9.89073205116863
2020-10-05 12:57:50.592459,351000,9.77774157099259,9.777741570993276,0,9.7777415716669,9.856290461444605
2020-10-05 12:58:11.876776,352000,9.77774157099259,9.777741570993276,0,9.777741594386857,9.925911375620657
2020-10-05 12:58:32.965964,353000,9.77774157099259,9.777741570993276,0,9.777741610563343,9.907400794513903
2020-10-05 12:58:57.435025,354000,9.77774157099259,9.777741570993276,0,9.77774157454962,9.908658162997453
2020-10-05 12:59:20.050585,355000,9.77774157099259,9.777741570993276,0,9.777743803800039,9.963330435842055
2020-10-05 12:59:41.439600,356000,9.77774157099259,9.777741570993276,0,9.777741571292097,9.907419876918912
2020-10-05 13:00:02.970807,357000,9.77774157099259,9.777741570993271,1,9.777742961822852,9.926562366123727
2020-10-05 13:00:25.400282,358000,9.77774157099259,9.777741570993271,0,9.77775742927475,9.937552587648389
2020-10-05 13:00:48.080353,359000,9.77774157099259,9.777741570993271,0,9.777741571188846,9.922752363424607
2020-10-05 13:01:11.448295,360000,9.77774157099259,9.777741570993271,0,9.777743896616135,9.881919602129669
2020-10-05 13:01:41.672480,361000,9.77774157099259,9.777741570993271,0,9.777818607106578,9.945844413490178
2020-10-05 13:02:13.460080,362000,9.77774157099259,9.777741570993271,0,9.77774157376848,9.961403172270012
2020-10-05 13:02:48.528787,363000,9.77774157099259,9.777741570993271,0,9.777741624128636,9.922906672710226
2020-10-05 13:03:19.622646,364000,9.77774157099259,9.777741570993271,0,9.777741571664308,9.847937473827063
2020-10-05 13:03:50.031969,365000,9.77774157099259,9.777741570993271,0,9.777741588743284,9.978718076484602
2020-10-05 13:04:18.416818,366000,9.77774157099259,9.777741570993271,0,9.777741570995346,9.93364715676065
2020-10-05 13:04:45.161356,367000,9.77774157099259,9.777741570993271,0,9.777741571604226,9.922314600469386
2020-10-05 13:05:11.968933,368000,9.77774157099259,9.777741570993271,0,9.777741597780436,9.923507548237044
2020-10-05 13:05:39.283724,369000,9.77774157099259,9.777741570993271,0,9.777741651134368,9.900675174718643
2020-10-05 13:06:06.168085,370000,9.77774157099259,9.777741570993271,0,9.77774158836546,9.889438079290741
2020-10-05 13:06:32.821927,371000,9.77774157099259,9.77774157099327,1,9.777741583770387,9.901407652531578
2020-10-05 13:06:59.569445,372000,9.77774157099259,9.77774157099327,0,9.778270066858907,9.912656050360814
2020-10-05 13:07:26.465786,373000,9.77774157099259,9.77774157099327,0,9.777741571493637,9.898671863786147
2020-10-05 13:07:52.255884,374000,9.77774157099259,9.77774157099327,0,9.777741571136481,9.879699026312865
2020-10-05 13:08:19.360164,375000,9.77774157099259,9.77774157099327,0,9.77774761978643,9.944361577941828
2020-10-05 13:08:45.783725,376000,9.77774157099259,9.77774157099327,0,9.777741593636625,9.902795693430608
2020-10-05 13:09:11.250270,377000,9.77774157099259,9.77774157099327,0,9.777741571713628,9.924524747387197
2020-10-05 13:09:37.600473,378000,9.77774157099259,9.777741570993268,1,9.777741571127754,9.935999770271087
2020-10-05 13:10:03.414078,379000,9.77774157099259,9.777741570993268,0,9.777783384544943,9.952829159585422
2020-10-05 13:10:28.792346,380000,9.77774157099259,9.777741570993266,1,9.777742523441598,9.907632536316862
2020-10-05 13:10:54.557920,381000,9.77774157099259,9.77774157099326,1,9.777741622366781,9.905653766535082
2020-10-05 13:11:20.489178,382000,9.77774157099259,9.77774157099326,0,9.777741597617734,9.937063355990905
2020-10-05 13:11:46.375996,383000,9.77774157099259,9.77774157099326,0,9.777741571141277,9.90618596787198
2020-10-05 13:12:11.687330,384000,9.77774157099259,9.77774157099326,0,9.777741625212261,9.914571724621176
2020-10-05 13:12:37.665234,385000,9.77774157099259,9.77774157099326,0,9.778766758414967,9.938970841254902
2020-10-05 13:13:03.060010,386000,9.77774157099259,9.77774157099326,0,9.777741619193243,9.93961261458911
2020-10-05 13:13:28.213571,387000,9.77774157099259,9.77774157099326,0,9.777741826398543,9.935511265418913
2020-10-05 13:13:54.929898,388000,9.77774157099259,9.77774157099326,0,9.777741691978168,9.943550234500778
2020-10-05 13:14:21.113985,389000,9.77774157099259,9.77774157099326,0,9.777743928616458,9.911883039304856
2020-10-05 13:14:47.292542,390000,9.77774157099259,9.77774157099326,0,9.777741679047228,9.92914089615797
2020-10-05 13:15:14.100135,391000,9.77774157099259,9.77774157099326,0,9.777741577302917,9.834649392455558
2020-10-05 13:15:40.470025,392000,9.77774157099259,9.77774157099326,0,9.777741571580867,9.87920558051058
2020-10-05 13:16:07.064439,393000,9.77774157099259,9.77774157099326,0,9.777741571084512,9.922407552603785
2020-10-05 13:16:33.848380,394000,9.77774157099259,9.77774157099326,0,9.77774215697068,9.895406489463012
2020-10-05 13:16:59.812271,395000,9.77774157099259,9.77774157099326,0,9.777741576192938,9.898152163043607
2020-10-05 13:17:26.786802,396000,9.77774157099259,9.77774157099326,0,9.777741571060206,9.896327234372826
2020-10-05 13:17:53.164983,397000,9.77774157099259,9.77774157099326,0,9.777741787162059,9.903640277356134
2020-10-05 13:18:20.261544,398000,9.77774157099259,9.777741570993252,1,9.777741571588427,9.884417307825746
2020-10-05 13:18:46.682737,399000,9.77774157099259,9.777741570993252,0,9.777741574625457,9.923441448589408
2020-10-05 13:19:12.964403,400000,9.77774157099259,9.777741570993252,0,9.777741585609386,9.854646471505724
2020-10-05 13:19:39.397529,401000,9.77774157099259,9.777741570993252,0,9.777742990350875,9.890011192652587
2020-10-05 13:20:05.833264,402000,9.77774157099259,9.777741570993252,0,9.777741612653385,9.906030738252777
2020-10-05 13:20:32.151027,403000,9.77774157099259,9.777741570993252,0,9.777741571149827,9.872238657230815
2020-10-05 13:20:58.880638,404000,9.77774157099259,9.777741570993252,0,9.777741653008496,9.907350227215012
2020-10-05 13:21:25.515149,405000,9.77774157099259,9.777741570993252,0,9.777768261038718,9.942550676950708
2020-10-05 13:21:51.787086,406000,9.77774157099259,9.777741570993252,0,9.777742978292997,9.909360141426385
2020-10-05 13:22:18.589617,407000,9.77774157099259,9.777741570993252,0,9.77774157214827,9.896077025055936
2020-10-05 13:22:45.081849,408000,9.77774157099259,9.777741570993252,0,9.7777415765661,9.9025885075513
2020-10-05 13:23:11.364739,409000,9.77774157099259,9.777741570993252,0,9.777741571000442,9.851195546197472
2020-10-05 13:23:38.046086,410000,9.77774157099259,9.777741570993252,0,9.777741571127994,9.8910988752262
2020-10-05 13:24:04.372655,411000,9.77774157099259,9.777741570993252,0,9.77777481289408,9.931218948439316
2020-10-05 13:24:30.768831,412000,9.77774157099259,9.777741570993252,0,9.7777417396601,9.956304856657944
2020-10-05 13:24:56.905552,413000,9.77774157099259,9.777741570993252,0,9.777741571057526,9.90674661424333
2020-10-05 13:25:23.520591,414000,9.77774157099259,9.777741570993252,0,9.777741584174429,9.946033844759151
2020-10-05 13:25:49.592788,415000,9.77774157099259,9.777741570993246,1,9.777741589958573,9.936450880935515
2020-10-05 13:26:16.365516,416000,9.77774157099259,9.777741570993246,0,9.777741976660348,9.910992313417138
2020-10-05 13:26:42.419806,417000,9.77774157099259,9.777741570993246,0,9.77774158912795,9.877236856586682
2020-10-05 13:27:08.978984,418000,9.77774157099259,9.777741570993246,0,9.79708675644466,9.963601952467931
2020-10-05 13:27:35.182202,419000,9.77774157099259,9.777741570993246,0,9.77774158556601,9.911044725855762
2020-10-05 13:28:01.763576,420000,9.77774157099259,9.777741570993246,0,9.77785550212274,9.959611581245223
2020-10-05 13:28:28.161374,421000,9.77774157099259,9.777741570993246,0,9.7786231701702,9.924768173867221
2020-10-05 13:28:54.855992,422000,9.77774157099259,9.777741570993246,0,9.77774157126267,9.876353850254644
2020-10-05 13:29:22.258436,423000,9.77774157099259,9.777741570993246,0,9.777746855445217,9.959717189211325
2020-10-05 13:29:49.925855,424000,9.77774157099259,9.777741570993246,0,9.777741619563175,9.891699599397237
2020-10-05 13:30:19.428217,425000,9.77774157099259,9.777741570993234,1,9.777743658629625,9.961401594756834
2020-10-05 13:30:48.106681,426000,9.77774157099259,9.777741570993234,0,9.777968857533486,9.932099978898487
2020-10-05 13:31:17.098757,427000,9.77774157099259,9.777741570993234,0,9.777742406062261,9.927706549553644
2020-10-05 13:31:46.444822,428000,9.77774157099259,9.777741570993223,1,9.779696634966268,9.957711264503164
2020-10-05 13:32:15.198594,429000,9.77774157099259,9.777741570993223,0,9.777741602602962,9.89172605235832
2020-10-05 13:32:42.273424,430000,9.77774157099259,9.777741570993223,0,9.777742282707399,9.923558081480438
2020-10-05 13:33:09.465664,431000,9.77774157099259,9.777741570993223,0,9.777741573590244,9.891395892349216
2020-10-05 13:33:36.559717,432000,9.77774157099259,9.777741570993223,0,9.777741571049617,9.903372287679167
2020-10-05 13:34:03.666294,433000,9.77774157099259,9.777741570993223,0,9.77774160775753,9.914830295199637
2020-10-05 13:34:30.721781,434000,9.77774157099259,9.777741570993223,0,9.777741600125221,9.915153367772717
2020-10-05 13:34:57.279155,435000,9.77774157099259,9.777741570993223,0,9.777741594296833,9.88730283000138
2020-10-05 13:35:24.957685,436000,9.77774157099259,9.777741570993223,0,9.77774162862419,9.919148985227165
2020-10-05 13:35:51.888261,437000,9.77774157099259,9.777741570993223,0,9.777741571103844,9.936082589501261
2020-10-05 13:36:18.519125,438000,9.77774157099259,9.777741570993223,0,9.777741863714901,9.974571805408658
2020-10-05 13:36:45.609685,439000,9.77774157099259,9.777741570993223,0,9.777741589699152,9.900447040769636
2020-10-05 13:37:12.845165,440000,9.77774157099259,9.777741570993223,0,9.777751679729237,9.933161593545016
2020-10-05 13:37:40.465697,441000,9.77774157099259,9.777741570993223,0,9.777741577665552,9.916842779602124
2020-10-05 13:38:08.400887,442000,9.77774157099259,9.777741570993223,0,9.777757643988108,9.914388890792436
2020-10-05 13:48:41.634789,443000,9.77774157099259,9.777741570993223,0,9.777742294963192,9.890379960862793
2020-10-05 13:49:09.955142,444000,9.77774157099259,9.777741570993223,0,9.777741571163933,9.922008680516525
2020-10-05 13:49:33.803700,445000,9.77774157099259,9.777741570993223,0,9.7777415709968,9.940175946229784
2020-10-05 13:50:07.293218,446000,9.77774157099259,9.777741570993223,0,9.777935422868852,9.952357522142782
2020-10-05 13:50:38.070740,447000,9.77774157099259,9.777741570993223,0,9.777741572952763,9.896620958622696
2020-10-05 13:51:02.778471,448000,9.77774157099259,9.777741570993223,0,9.77774157119866,9.896211936064201
2020-10-05 13:51:29.411763,449000,9.77774157099259,9.777741570993223,0,9.777932566442692,9.940012632888925
2020-10-05 13:51:55.114516,450000,9.77774157099259,9.777741570993223,0,9.777745381206639,9.935964373797914
2020-10-05 13:52:18.429207,451000,9.77774157099259,9.777741570993223,0,9.777741570994078,9.964201470276777
2020-10-05 13:52:41.243810,452000,9.77774157099259,9.777741570993223,0,9.777741571743949,9.878164352170119
2020-10-05 13:53:05.061132,453000,9.77774157099259,9.777741570993223,0,9.777741577384997,9.9265511976856
2020-10-05 13:53:27.915793,454000,9.77774157099259,9.777741570993223,0,9.777741579890295,9.890951758054952
2020-10-05 13:53:50.437941,455000,9.77774157099259,9.777741570993223,0,9.777741571056099,9.890051418216421
2020-10-05 13:54:12.854020,456000,9.77774157099259,9.777741570993223,0,9.777741571263995,9.906596570430814
2020-10-05 13:54:34.608501,457000,9.77774157099259,9.777741570993223,0,9.777741570999398,9.890690005541881
2020-10-05 13:54:56.245138,458000,9.77774157099259,9.777741570993223,0,9.777743032248503,9.89981218049029
2020-10-05 13:55:18.287782,459000,9.77774157099259,9.777741570993223,0,9.777741998081408,9.884632621501968
2020-10-05 13:55:39.897668,460000,9.77774157099259,9.777741570993223,0,9.777741643836048,9.949395899417025
2020-10-05 13:56:01.892365,461000,9.77774157099259,9.777741570993223,0,9.777741577269389,9.907858776359808
2020-10-05 13:56:24.301608,462000,9.77774157099259,9.777741570993223,0,9.777741581725111,9.914816080226467
2020-10-05 13:56:48.428388,463000,9.77774157099259,9.777741570993223,0,9.77774157164678,9.954961713250395
2020-10-05 13:57:13.482055,464000,9.77774157099259,9.777741570993223,0,9.777741571135758,9.917286011868184
2020-10-05 13:57:39.705880,465000,9.77774157099259,9.777741570993223,0,9.777743695530257,9.95867046156077
2020-10-05 13:58:02.889866,466000,9.77774157099259,9.777741570993223,0,9.777741645518798,9.892740025177005
2020-10-05 13:58:26.809289,467000,9.77774157099259,9.777741570993223,0,9.777741630249622,9.871505645762715
2020-10-05 13:58:50.491595,468000,9.77774157099259,9.777741570993223,0,9.777741571048534,9.83824633029752
2020-10-05 13:59:13.255485,469000,9.77774157099259,9.777741570993223,0,9.777741571504185,9.906284958989838
2020-10-05 13:59:35.422116,470000,9.77774157099259,9.777741570993223,0,9.777741682946116,9.877651472650285
2020-10-05 13:59:57.796546,471000,9.77774157099259,9.777741570993223,0,9.77774157520663,9.922098806404337
2020-10-05 14:00:20.349645,472000,9.77774157099259,9.777741570993223,0,9.777742037195685,9.907194794829913
2020-10-05 14:00:42.689968,473000,9.77774157099259,9.777741570993223,0,9.777741572617666,9.934195914857058
