2020-10-05 10:18:44.806148,0,8.7023939769184,9.80246140641041,9,9.059023754636726,9.910595241365991
2020-10-05 10:19:15.201457,1000,4.275261564969503,4.355274572359006,443,4.315605938778729,218.67198696977707
2020-10-05 10:19:49.406339,2000,4.198141135777143,4.237735138053898,158,4.25155266488498,8.313245596178765
2020-10-05 10:20:22.283287,3000,4.187048932500714,4.195392742246148,143,4.326689787154211,7.102038449210962
2020-10-05 10:20:54.724745,4000,4.181996522102998,4.183668230506682,169,4.184043412264351,5.928942180205461
2020-10-05 10:21:28.277259,5000,4.176934642132015,4.178522612320533,164,4.270836064732134,6.044437128238911
2020-10-05 10:22:02.972276,6000,4.175719654061536,4.176302242526986,141,4.179661798441043,5.345087759925236
2020-10-05 10:22:37.809223,7000,4.174747101471017,4.174855779809744,192,4.1748395449136755,5.627557979276021
2020-10-05 10:23:13.224504,8000,4.174665836172012,4.17467657402817,198,4.174691960346124,5.533982178675102
2020-10-05 10:23:48.063317,9000,4.174659131653602,4.174661693074229,121,4.174677744099097,5.323221780588668
2020-10-05 10:24:22.570587,10000,4.174658901539231,4.174660474007308,32,4.174662552369368,5.6054905542493225
2020-10-05 10:24:57.480271,11000,4.174658624209946,4.174659881800129,17,4.174673162317876,4.208185605090829
2020-10-05 10:25:33.041441,12000,4.174658562910289,4.1746595483036755,13,4.1746650884044705,5.030357898692729
2020-10-05 10:26:08.797912,13000,4.174658472898815,4.174659302725964,13,4.174717486973701,5.560149459588149
2020-10-05 10:26:44.503034,14000,4.174658295656333,4.174659126853103,13,4.174669582469603,5.579044748445192
2020-10-05 10:27:19.672633,15000,4.174657773796261,4.174658792520659,14,4.174661136820867,5.7886693522989665
2020-10-05 10:27:52.599156,16000,4.174657417551115,4.174658547167409,9,4.174662246813066,6.33293149527461
2020-10-05 10:28:25.761963,17000,4.174657417551115,4.174658472240512,3,4.174664310266342,5.927250331642814
2020-10-05 10:28:58.218299,18000,4.174657417551115,4.174658394699615,6,4.174662959980243,5.578136766037546
2020-10-05 10:29:40.167425,19000,4.174657417551115,4.174658367594785,3,4.174662695917829,5.095015664990718
2020-10-05 10:30:12.522550,20000,4.174657417551115,4.174658298737191,2,4.1746644864766225,5.20545419443868
2020-10-05 10:30:45.059261,21000,4.174657417551115,4.174658123997333,4,4.174660908250245,5.420869566205382
2020-10-05 10:31:17.793723,22000,4.174657417551115,4.174658106863714,3,4.174665033042876,5.337828515699013
2020-10-05 10:31:50.337515,23000,4.174657023308387,4.17465803105927,3,4.17466327867092,5.114406376099603
2020-10-05 10:32:22.717140,24000,4.174657023308387,4.174657948582681,4,4.1746604737159965,6.051981193922095
2020-10-05 10:32:54.600790,25000,4.174657023308387,4.174657874008223,4,4.174666114842857,6.8467305637715405
2020-10-05 10:33:26.399806,26000,4.174657023308387,4.174657874008223,0,4.174685204578943,5.582735978118971
2020-10-05 10:33:59.621176,27000,4.174657023308387,4.174657866844786,1,4.174662127995821,4.175177891611443
2020-10-05 10:34:31.624901,28000,4.174657023308387,4.174657837659965,3,4.174662599610266,6.871633219095174
2020-10-05 10:35:03.789766,29000,4.174657023308387,4.174657831776016,1,4.174664039549071,4.922627258987567
2020-10-05 10:35:36.131426,30000,4.174657023308387,4.174657825055822,2,4.174663184799255,6.139549952186677
2020-10-05 10:36:09.298481,31000,4.174657023308387,4.174657825055822,0,4.174661448029947,6.222026908437408
2020-10-05 10:36:42.744091,32000,4.174657023308387,4.174657825055822,0,4.174669462516644,5.722716817947454
2020-10-05 10:37:16.145450,33000,4.174657023308387,4.174657778066213,1,4.174661130401954,4.838956631721694
2020-10-05 10:37:49.175618,34000,4.174657023308387,4.174657766666416,2,4.174659672176669,5.190842702041624
2020-10-05 10:38:23.018403,35000,4.174656362094153,4.1746576568129035,4,4.174658511903184,4.629223315950916
2020-10-05 10:38:55.546250,36000,4.174656362094153,4.1746575954302845,3,4.174662748314097,4.662014867809456
2020-10-05 10:39:28.364387,37000,4.174656362094153,4.174657551204878,3,4.174662302486096,5.357750898579529
2020-10-05 10:40:01.188115,38000,4.174656362094153,4.174657551204878,0,4.174690280793972,6.36694604554059
2020-10-05 10:40:36.175289,39000,4.174656362094153,4.1746575457548145,1,4.174659805599414,5.128640096314795
2020-10-05 10:41:13.102605,40000,4.174656362094153,4.1746575457548145,0,4.174671292543729,4.929674250609207
2020-10-05 10:41:46.600024,41000,4.174655989712294,4.174657473027133,3,4.174674033200237,6.425097559016703
2020-10-05 10:42:20.368322,42000,4.174655989712294,4.1746574716232745,1,4.17466784255427,6.075514891049018
2020-10-05 10:42:54.195174,43000,4.174655989712294,4.1746573774608216,4,4.17466000318564,4.562708067139089
2020-10-05 10:43:28.468601,44000,4.174655989712294,4.174657375575343,1,4.17465766437339,5.074626772134333
2020-10-05 10:44:02.273511,45000,4.174655989712294,4.174657375575343,0,4.174661300122297,5.796913167084681
2020-10-05 10:44:36.523768,46000,4.174655989712294,4.17465732176096,4,4.174660651629908,4.369098870983945
2020-10-05 10:45:11.077704,47000,4.174655989712294,4.17465732176096,0,4.174661426199378,5.018633952478665
2020-10-05 10:45:45.227255,48000,4.174655989712294,4.174657218765094,2,4.174661107361746,5.121510861485871
2020-10-05 10:46:18.778856,49000,4.174655989712294,4.17465720370863,1,4.174661255264305,4.809367687633835
2020-10-05 10:46:51.543882,50000,4.174655989712294,4.17465720370863,0,4.1746611187559,5.887861009172304
2020-10-05 10:47:24.800597,51000,4.174655120639795,4.17465712750658,4,4.174661656880354,6.128526156397933
2020-10-05 10:47:57.939250,52000,4.174655120639795,4.1746571209649375,1,4.174663893346604,5.063629755138446
2020-10-05 10:48:31.541229,53000,4.174655120639795,4.174657120110729,1,4.174660963364552,5.400259164789888
2020-10-05 10:49:04.262861,54000,4.174655120639795,4.174657120110729,0,4.174664086519262,6.097633014946633
2020-10-05 10:49:37.469128,55000,4.174655120639795,4.174657120110729,0,4.174660496394334,4.247103164980028
2020-10-05 10:50:10.077801,56000,4.174655120639795,4.174657027898181,3,4.174658959654856,4.833535749991955
2020-10-05 10:50:41.919780,57000,4.174655120639795,4.17465700247616,1,4.1746626589668505,4.413771198520244
2020-10-05 10:51:14.037841,58000,4.174655120639795,4.174656988993129,1,4.174660848795506,4.3619096552394225
2020-10-05 10:51:46.323590,59000,4.174655120639795,4.174656984305469,2,4.17466143845431,4.567576185137903
2020-10-05 10:52:16.057764,60000,4.174655120639795,4.174656984305469,0,4.174659162695007,5.3537426004065205
2020-10-05 10:52:45.730409,61000,4.174655120639795,4.174656965160749,3,4.174660376051928,6.712759507821776
2020-10-05 10:53:17.220999,62000,4.174655120639795,4.174656949012095,1,4.1746629688144905,5.928931666242607
2020-10-05 10:53:49.731808,63000,4.174655120639795,4.174656901054957,2,4.174665639078243,5.703716523809324
2020-10-05 10:54:22.193313,64000,4.174655120639795,4.174656878649058,2,4.174781938483197,6.126453195218001
2020-10-05 10:54:54.085281,65000,4.174655120639795,4.174656878649058,0,4.174663897197566,4.179285552457196
2020-10-05 10:55:26.206037,66000,4.174655120639795,4.174656878649058,0,4.174664249592543,5.903740747118856
2020-10-05 10:55:58.691140,67000,4.174655120639795,4.174656869845891,1,4.174662105367131,5.0413901479243055
2020-10-05 10:56:30.732102,68000,4.174655120639795,4.1746568542962805,1,4.174661148382098,5.1537282503183235
2020-10-05 10:57:02.775791,69000,4.174655120639795,4.174656850851787,1,4.1746653900291415,5.532533143779428
2020-10-05 10:57:34.848472,70000,4.174655120639795,4.174656847989019,1,4.17466068645982,5.145834978177973
2020-10-05 10:58:06.980215,71000,4.174655120639795,4.174656839575728,1,4.174661784705685,5.926166086849212
2020-10-05 10:58:39.231080,72000,4.174655120639795,4.174656831907551,1,4.174660258889947,5.028045211259307
2020-10-05 10:59:11.485442,73000,4.174655120639795,4.174656828697818,1,4.1746635650032005,5.093839264111243
2020-10-05 10:59:43.690837,74000,4.174655120639795,4.174656826495811,1,4.174660680298263,5.850958556391983
2020-10-05 11:00:15.799828,75000,4.174655120639795,4.1746568089317995,1,4.174670030959764,4.649456359948532
2020-10-05 11:00:47.902763,76000,4.174655120639795,4.1746568089317995,0,4.174693824635188,4.78868713127333
2020-10-05 11:01:19.696736,77000,4.174655120639795,4.1746568089317995,0,4.174662500298795,5.124791408019651
2020-10-05 11:01:51.952358,78000,4.174655120639795,4.174656803689117,1,4.174662710160371,6.116220687247179
2020-10-05 11:02:24.397678,79000,4.174655120639795,4.174656803689117,0,4.174678491737079,5.403172989489039
2020-10-05 11:02:56.419596,80000,4.174655120639795,4.174656767361406,3,4.17466191041296,4.1786328750237836
2020-10-05 11:03:28.876598,81000,4.174655120639795,4.174656767361406,0,4.174660152664343,4.502036953756768
2020-10-05 11:04:00.827208,82000,4.174655120639795,4.174656767361406,0,4.174656758930468,4.476250106906314
2020-10-05 11:04:34.239907,83000,4.174655120639795,4.174656762588755,2,4.1746633682973435,5.757213590773408
2020-10-05 11:05:15.695260,84000,4.174655120639795,4.174656762588755,0,4.174661075049232,6.471441432775961
2020-10-05 11:05:55.883145,85000,4.174655120639795,4.174656762588755,0,4.174661529996292,4.6319425390843865
2020-10-05 11:06:34.813188,86000,4.174655120639795,4.174656762588755,0,4.174663628963522,5.0990172082455105
2020-10-05 11:07:14.735146,87000,4.174655120639795,4.174656762588755,0,4.174662141236139,5.385725077154859
2020-10-05 11:07:54.677650,88000,4.174655120639795,4.174656762588755,0,4.174671708668648,6.161796344675218
2020-10-05 11:08:34.844323,89000,4.174655120639795,4.1746567591410395,1,4.174660838645076,5.373356815672005
2020-10-05 11:09:14.005946,90000,4.174655120639795,4.1746567591410395,0,4.174660850169269,6.552683645679516
2020-10-05 11:09:51.813808,91000,4.174655120639795,4.1746567591410395,0,4.174660900977823,4.438176222646206
2020-10-05 11:10:22.383416,92000,4.174655120639795,4.1746567591410395,0,4.174674908451317,4.865350001938331
2020-10-05 11:10:53.520467,93000,4.174655120639795,4.1746567591410395,0,4.174662661001944,6.308183203807378
2020-10-05 11:11:25.062126,94000,4.174655063125505,4.174656754348182,1,4.174663286056016,5.398613535003889
2020-10-05 11:11:56.809636,95000,4.174655063125505,4.174656754348182,0,4.174660570191934,5.53781379906772
2020-10-05 11:12:28.332559,96000,4.174655063125505,4.174656754348182,0,4.174659918881508,4.661534474881586
2020-10-05 11:13:00.207979,97000,4.174655063125505,4.1746567523600175,1,4.1746601256478515,5.039537781862212
2020-10-05 11:13:32.214967,98000,4.174655063125505,4.1746567523600175,0,4.174661989394988,5.143369252228115
2020-10-05 11:14:04.256814,99000,4.174655063125505,4.1746567523600175,0,4.174661479332973,4.933483355819123
2020-10-05 11:14:36.032642,100000,4.174655063125505,4.1746567523600175,0,4.174664880030883,5.869123008335213
2020-10-05 11:15:07.542194,101000,4.174655063125505,4.1746567523600175,0,4.174661371521966,4.4917395001818115
2020-10-05 11:15:39.223480,102000,4.174655063125505,4.1746567523600175,0,4.174661350871746,5.104058674764706
2020-10-05 11:16:11.299068,103000,4.174655063125505,4.1746567523600175,0,4.1746607469738874,4.567277471000551
2020-10-05 11:16:43.151959,104000,4.174655063125505,4.1746567523600175,0,4.174660915659837,4.935672566908814
2020-10-05 11:17:15.250703,105000,4.174655063125505,4.1746567523600175,0,4.174663403891878,5.507348876271775
2020-10-05 11:17:47.175660,106000,4.174655063125505,4.1746567522256255,1,4.1746758881051695,5.146264519191095
2020-10-05 11:18:19.111803,107000,4.174655063125505,4.1746567522256255,0,4.174660438046306,4.192088290612278
2020-10-05 11:18:50.841059,108000,4.174655063125505,4.1746567522256255,0,4.174660631477895,4.990664744474182
2020-10-05 11:19:22.787307,109000,4.174655063125505,4.174656736574273,2,4.17466293600691,4.437418663574603
2020-10-05 11:19:54.342248,110000,4.174655063125505,4.174656736574273,0,4.174666750360346,5.2557213716083675
2020-10-05 11:20:26.163863,111000,4.174655063125505,4.174656732071903,1,4.174660253141992,5.684751397480112
2020-10-05 11:20:58.040415,112000,4.174655063125505,4.174656730318275,1,4.174660308689527,4.268455713604975
2020-10-05 11:21:30.055600,113000,4.174655063125505,4.174656702224717,1,4.1746609698350845,5.010024415037182
2020-10-05 11:22:01.754565,114000,4.174655063125505,4.174656659712918,1,4.174662192026325,5.314901952199673
2020-10-05 11:22:33.469208,115000,4.174655063125505,4.174656656371644,1,4.174660111391257,5.715741338338663
2020-10-05 11:23:05.520757,116000,4.174655063125505,4.174656655894924,1,4.1746602090477705,5.045252042128856
2020-10-05 11:23:37.299300,117000,4.174655063125505,4.174656655431091,1,4.174661495935177,5.67767536242953
2020-10-05 11:24:08.837312,118000,4.174655063125505,4.174656502912627,2,4.174668158046116,5.483753993561932
2020-10-05 11:24:40.607594,119000,4.174655063125505,4.174656502912627,0,4.17466183668429,5.591054056974158
2020-10-05 11:25:12.532986,120000,4.174655063125505,4.174656502912627,0,4.1746622726252856,4.8885765047869585
2020-10-05 11:25:44.317712,121000,4.174655063125505,4.174656501217302,1,4.1746612428413385,6.089371009675923
2020-10-05 11:26:16.237104,122000,4.174655063125505,4.174656501217302,0,4.174662034257918,6.169873438895667
2020-10-05 11:26:48.540233,123000,4.174655063125505,4.174656498041118,1,4.174661929289888,4.953749547848345
2020-10-05 11:27:20.699129,124000,4.174655063125505,4.17465649421072,1,4.174663995748877,4.702399279994068
2020-10-05 11:27:53.031377,125000,4.174655063125505,4.17465649421072,0,4.174659948625979,5.363773600413542
2020-10-05 11:28:25.209503,126000,4.174655063125505,4.174656492133634,1,4.174660223587727,5.348479154761236
2020-10-05 11:28:56.992756,127000,4.174655063125505,4.174656467658314,1,4.174661083013012,4.5679563946652335
2020-10-05 11:29:28.957545,128000,4.174655063125505,4.174656467658314,0,4.17466139093486,4.235065003809922
2020-10-05 11:30:00.774844,129000,4.174655063125505,4.174656467658314,0,4.174660659354673,5.789595352752101
2020-10-05 11:30:32.845502,130000,4.174655063125505,4.174656467658314,0,4.174659376715565,4.183971171079812
2020-10-05 11:31:04.639139,131000,4.174655063125505,4.174656464831213,1,4.174661813117585,5.141928092073573
2020-10-05 11:31:36.838995,132000,4.174655063125505,4.1746564594504685,1,4.1746605533953325,6.23619109540316
2020-10-05 11:32:08.848195,133000,4.174655063125505,4.1746564594504685,0,4.174663990967141,4.995664557243949
2020-10-05 11:32:40.703596,134000,4.174655063125505,4.1746564594504685,0,4.174655746826686,5.047870497454137
2020-10-05 11:33:12.744916,135000,4.174655063125505,4.1746564594504685,0,4.174663173645623,5.394766472209219
2020-10-05 11:33:44.629202,136000,4.174655063125505,4.1746564594504685,0,4.174660848823693,4.886188240694964
2020-10-05 11:34:16.648849,137000,4.174655063125505,4.174656457334068,1,4.1746635938577015,4.1783236422278165
2020-10-05 11:34:48.314574,138000,4.174655063125505,4.174656418564523,2,4.174662186951154,4.754193911851308
2020-10-05 11:35:19.980530,139000,4.174655063125505,4.174656394799816,2,4.1746609970997595,5.867707306350014
2020-10-05 11:35:51.946781,140000,4.174655063125505,4.174656308982393,1,4.174665554352111,5.142535498871643
2020-10-05 11:36:23.836420,141000,4.174655063125505,4.174656308982393,0,4.174657112572798,5.017876130047083
2020-10-05 11:36:55.979680,142000,4.174655063125505,4.174656277529886,1,4.174656845502405,5.142659953017347
2020-10-05 11:37:27.698835,143000,4.174655063125505,4.174656250746728,1,4.174663659770882,4.5382408729744945
2020-10-05 11:37:59.961168,144000,4.174655063125505,4.174656210730721,2,4.174660696844346,4.234060348177722
2020-10-05 11:38:32.028762,145000,4.174655063125505,4.174656202729839,2,4.174655901945578,4.175103097266954
2020-10-05 11:39:03.953374,146000,4.174655063125505,4.174656194083968,2,4.174662600189824,6.506441711884146
2020-10-05 11:39:35.877741,147000,4.174655063125505,4.174656194083968,0,4.174663834140337,4.240397171736783
2020-10-05 11:40:08.039971,148000,4.174655063125505,4.174656193805017,1,4.174661152038942,5.496800128666481
2020-10-05 11:40:40.017673,149000,4.174655063125505,4.174656193805017,0,4.174657827275544,5.924210785341881
2020-10-05 11:41:12.282486,150000,4.174655063125505,4.174656193805017,0,4.174661345974568,5.311486924030813
2020-10-05 11:41:44.527364,151000,4.174655063125505,4.174656193805017,0,4.174662256650149,5.771565656425387
2020-10-05 11:42:16.414648,152000,4.174655063125505,4.174656193805017,0,4.174660264403891,5.126986836730196
2020-10-05 11:42:48.237914,153000,4.174655063125505,4.174656193805017,0,4.174661493850254,5.190936913108955
2020-10-05 11:43:20.752440,154000,4.174655063125505,4.174656193805017,0,4.174661634812512,4.659540771351584
2020-10-05 11:43:52.591441,155000,4.174655063125505,4.174656193805017,0,4.174661579080261,5.15700582076738
2020-10-05 11:44:24.320788,156000,4.174655063125505,4.174656190526527,2,4.174659382464461,5.040519871260532
2020-10-05 11:44:55.869019,157000,4.174655063125505,4.174656190526527,0,4.174661354372736,5.145575413824943
2020-10-05 11:45:27.721038,158000,4.174655063125505,4.174656190526527,0,4.174660664343197,5.32106070374136
2020-10-05 11:45:59.517721,159000,4.174655063125505,4.174656179787597,1,4.174660591466053,6.020167624806926
2020-10-05 11:46:31.535891,160000,4.174655063125505,4.174656178900764,1,4.174691552017342,6.2582564950060915
2020-10-05 11:47:03.586031,161000,4.174655063125505,4.174656178900764,0,4.174663910427403,5.706063407006955
2020-10-05 11:47:35.589038,162000,4.174655063125505,4.174656178900764,0,4.174662280285637,6.177649917631244
2020-10-05 11:48:07.737034,163000,4.174655063125505,4.174656178900764,0,4.174662492300941,5.388032316273264
2020-10-05 11:48:39.856334,164000,4.174655063125505,4.174656178900764,0,4.1746609400242285,4.913523906500463
2020-10-05 11:49:11.910227,165000,4.174655063125505,4.174656178734165,1,4.174661158034576,4.653386100877465
2020-10-05 11:49:43.240315,166000,4.174655063125505,4.174656178734165,0,4.174660660143214,4.1747112762670815
2020-10-05 11:50:14.607019,167000,4.174655063125505,4.174656144112498,3,4.174659365015513,5.586505432006921
2020-10-05 11:50:46.294009,168000,4.174655063125505,4.174656141412402,1,4.174661380591522,5.530887798621854
2020-10-05 11:51:18.507241,169000,4.174655063125505,4.174656130628926,1,4.174660579601206,4.749006863929463
2020-10-05 11:51:50.132440,170000,4.174655063125505,4.1746560743939485,2,4.174661377987343,6.286866688519968
2020-10-05 11:52:21.680592,171000,4.174655063125505,4.1746560743939485,0,4.17466030579284,4.785339602974031
2020-10-05 11:52:53.369435,172000,4.174655063125505,4.1746560743939485,0,4.174661211351399,6.166696020953972
2020-10-05 11:53:25.588039,173000,4.174655063125505,4.1746560743939485,0,4.174659958782108,5.167499684392298
2020-10-05 11:53:57.534327,174000,4.174655063125505,4.1746560743939485,0,4.174660570333894,4.174759215629046
2020-10-05 11:54:29.660069,175000,4.174655063125505,4.1746560743939485,0,4.174661410741827,4.934931234449785
2020-10-05 11:55:01.429324,176000,4.174655063125505,4.1746560743939485,0,4.174659915269617,4.6601584882537175
2020-10-05 11:55:33.230155,177000,4.174655063125505,4.1746560743939485,0,4.174660381283263,6.549004687005733
2020-10-05 11:56:05.425624,178000,4.174655063125505,4.1746560743939485,0,4.1746618718891675,6.8712768437524305
2020-10-05 11:56:37.039193,179000,4.174655063125505,4.174656072569845,2,4.174666571517244,5.926604802044818
2020-10-05 11:57:08.845799,180000,4.174655063125505,4.174656072569845,0,4.174658500069549,5.552471285350431
2020-10-05 11:57:40.482151,181000,4.174655063125505,4.174656071964914,1,4.174656951365145,4.9750912399370275
2020-10-05 11:58:12.503825,182000,4.174655063125505,4.174656071964914,0,4.174663246239857,5.319924869609033
2020-10-05 11:58:44.513933,183000,4.174655063125505,4.174656071964914,0,4.174661220574083,7.185626848725043
2020-10-05 11:59:16.612382,184000,4.174655063125505,4.174656071964914,0,4.174660810322629,5.20728740793063
2020-10-05 11:59:48.676540,185000,4.174655063125505,4.174656071964914,0,4.174660421286147,4.851907713552609
2020-10-05 12:00:20.728997,186000,4.174655063125505,4.174656071964914,0,4.174659742915311,5.44902477780973
2020-10-05 12:00:52.806870,187000,4.174655063125505,4.174656071964914,0,4.174663272938852,4.476688993440652
2020-10-05 12:01:24.799100,188000,4.174655063125505,4.174656071964914,0,4.174657484396953,4.660175100723556
2020-10-05 12:01:56.777038,189000,4.174655063125505,4.174656071964914,0,4.1746643564172015,6.7348651506972494
2020-10-05 12:02:29.274395,190000,4.174655063125505,4.174656071964914,0,4.174657441023884,5.5742545207047804
2020-10-05 12:03:01.243856,191000,4.174655063125505,4.174656071964914,0,4.1746687729369985,7.2359296040033785
2020-10-05 12:03:32.840994,192000,4.174655063125505,4.174656071964914,0,4.1746606228927625,4.1798930942360055
2020-10-05 12:04:04.531543,193000,4.174655063125505,4.174656053114407,1,4.174661445172692,4.6163698675342895
2020-10-05 12:04:36.318587,194000,4.174655063125505,4.174656053114407,0,4.174669669958179,5.524493349474277
2020-10-05 12:05:08.467248,195000,4.174655063125505,4.174656026458123,1,4.174662386884556,5.271384215761697
2020-10-05 12:05:40.444849,196000,4.174655063125505,4.174656026458123,0,4.174660470722374,5.706056975038352
2020-10-05 12:06:12.487520,197000,4.174655063125505,4.174656026458123,0,4.1746615028416345,4.175946581956559
2020-10-05 12:06:44.417507,198000,4.174655063125505,4.174656026458123,0,4.174663896707052,6.206628375870356
2020-10-05 12:07:16.650923,199000,4.174655063125505,4.174656020447817,2,4.174659647649653,5.801053414058231
2020-10-05 12:07:48.878123,200000,4.174655063125505,4.174656020447817,0,4.174661230966735,4.1750884322558655
2020-10-05 12:08:21.090714,201000,4.174655063125505,4.174656020447817,0,4.174660459715267,4.17671815544698
2020-10-05 12:08:53.007876,202000,4.174655063125505,4.174656020447817,0,4.174663102813541,5.866667189364694
2020-10-05 12:09:25.044148,203000,4.174655063125505,4.174656020447817,0,4.174702395715597,7.0899178003474965
2020-10-05 12:09:56.835839,204000,4.174655063125505,4.174656020447817,0,4.174660366838622,5.142206489958736
2020-10-05 12:10:28.793321,205000,4.174655063125505,4.174656020447817,0,4.174661407097039,6.0126177117825215
2020-10-05 12:11:00.812132,206000,4.174655063125505,4.174656020447817,0,4.1746652223225045,5.130973952974384
2020-10-05 12:11:33.075992,207000,4.174655063125505,4.174656020447817,0,4.174656835613408,4.742217700966042
2020-10-05 12:12:05.208124,208000,4.174655063125505,4.174656020447817,0,4.174680354957867,5.5377701622222135
2020-10-05 12:12:37.049894,209000,4.174655063125505,4.174656020447817,0,4.174659659139681,4.973628384837661
2020-10-05 12:13:09.190488,210000,4.174655063125505,4.1746559166198125,1,4.174660869859904,5.13666261232208
2020-10-05 12:13:41.240034,211000,4.174655063125505,4.1746559166198125,0,4.174656674276788,4.514715262361634
2020-10-05 12:14:13.364617,212000,4.174655063125505,4.174655915473572,1,4.174656674513854,4.174934140438704
2020-10-05 12:14:45.606428,213000,4.174655063125505,4.1746559146715585,1,4.174662309264806,5.992719636975051
2020-10-05 12:15:18.054956,214000,4.174655063125505,4.1746559146715585,0,4.1746604241605105,4.950354559741927
2020-10-05 12:15:50.257292,215000,4.174655063125505,4.1746559146715585,0,4.174661233931485,4.902006278078428
2020-10-05 12:16:22.614471,216000,4.174655063125505,4.1746558892828025,1,4.1746618104352695,5.768807238638857
2020-10-05 12:16:55.029789,217000,4.174655063125505,4.1746558892828025,0,4.1746602619910655,6.336789094429629
2020-10-05 12:17:27.377081,218000,4.174655041695124,4.174655862993979,1,4.174661150511597,5.320829070107199
2020-10-05 12:17:59.794691,219000,4.174655041695124,4.174655862993979,0,4.174662558692951,4.174796258314487
2020-10-05 12:18:32.196917,220000,4.174655041695124,4.174655831732793,1,4.174660062401204,5.810413491387087
2020-10-05 12:19:04.442359,221000,4.174655041695124,4.174655831732793,0,4.174666299100459,4.550694508820933
2020-10-05 12:19:36.447580,222000,4.174655041695124,4.174655831732793,0,4.174658876176603,5.581207135619533
2020-10-05 12:20:08.397314,223000,4.174655041695124,4.174655821632261,1,4.174659373389341,5.1327539805157505
2020-10-05 12:20:40.215460,224000,4.174655041695124,4.174655821632261,0,4.174660849924935,6.5032741729364965
2020-10-05 12:21:12.246142,225000,4.174655041695124,4.174655821632261,0,4.174662041037905,5.508315621234286
2020-10-05 12:21:44.253607,226000,4.174655041695124,4.174655821632261,0,4.174659945144345,5.165637311336879
2020-10-05 12:22:16.208262,227000,4.174655041695124,4.174655821632261,0,4.174665977805098,5.612040547898688
2020-10-05 12:22:48.439344,228000,4.174655041695124,4.174655821632261,0,4.174659708468938,5.533554460007502
2020-10-05 12:23:20.932631,229000,4.174655041695124,4.174655821632261,0,4.174697561213671,5.479663634968108
2020-10-05 12:23:53.099008,230000,4.174655041695124,4.174655821632261,0,4.174661171183756,4.234973141664686
2020-10-05 12:24:25.111331,231000,4.174655041695124,4.174655821632261,0,4.174661116382891,5.429532443737465
2020-10-05 12:24:57.393853,232000,4.174655018104818,4.174655819666403,1,4.1746643312365785,5.476853593538529
2020-10-05 12:25:30.044440,233000,4.174655018104818,4.174655793890866,2,4.174663985446748,5.875078909617062
2020-10-05 12:26:02.020641,234000,4.174655018104818,4.174655793890866,0,4.1746604156108456,4.175409354373345
2020-10-05 12:26:34.111215,235000,4.174655018104818,4.174655779575372,1,4.17466126303451,6.452987640532441
2020-10-05 12:27:06.321025,236000,4.174655018104818,4.174655779575372,0,4.17466225701023,5.628000034362027
2020-10-05 12:27:38.418936,237000,4.174655018104818,4.174655775176002,1,4.174659139288183,5.053347261361053
2020-10-05 12:28:10.709847,238000,4.174655018104818,4.174655771756924,2,4.17467552264051,4.758254948095526
2020-10-05 12:28:43.311895,239000,4.174655018104818,4.174655771756924,0,4.17466075460329,5.222496446955712
2020-10-05 12:29:15.446647,240000,4.174655018104818,4.174655771756924,0,4.174668501492922,4.881867221530725
2020-10-05 12:29:47.452548,241000,4.174655018104818,4.17465576575854,1,4.174660497874614,5.688093144630444
2020-10-05 12:30:19.790153,242000,4.174655018104818,4.17465576575854,0,4.174659542048563,4.8234608356098745
2020-10-05 12:30:51.828504,243000,4.174655018104818,4.17465576575854,0,4.174661210103778,4.659554578756575
2020-10-05 12:31:24.020482,244000,4.174655018104818,4.17465576575854,0,4.174665338920899,5.46398384623227
2020-10-05 12:31:56.279561,245000,4.174655018104818,4.17465576575854,0,4.1746738067440035,5.157185084764579
2020-10-05 12:32:28.732080,246000,4.174655018104818,4.17465576575854,0,4.174658598475909,4.567700065621074
2020-10-05 12:33:00.952214,247000,4.174655018104818,4.17465576575854,0,4.17466004836032,5.70639233872049
2020-10-05 12:33:33.198533,248000,4.174655018104818,4.17465576575854,0,4.174660969645043,5.485986280879953
2020-10-05 12:34:05.422293,249000,4.174655018104818,4.17465576575854,0,4.174670236834319,5.558863189825934
2020-10-05 12:34:37.507531,250000,4.174655018104818,4.17465576575854,0,4.1746617063361455,5.729186891314484
2020-10-05 12:35:09.983363,251000,4.174655018104818,4.17465576575854,0,4.17466131746412,5.234231276153987
2020-10-05 12:35:42.563074,252000,4.174655018104818,4.17465576575854,0,4.174661384863108,5.92510082101398
2020-10-05 12:36:14.606549,253000,4.174655018104818,4.17465576575854,0,4.1746627458271695,5.187123929807863
2020-10-05 12:36:46.878491,254000,4.174655018104818,4.17465576575854,0,4.174661197996575,6.234642128487388
2020-10-05 12:37:19.597601,255000,4.174655018104818,4.17465576575854,0,4.174660157326278,4.896866826252736
2020-10-05 12:37:51.876606,256000,4.174655018104818,4.17465576575854,0,4.174660744136261,5.038986206183773
2020-10-05 12:38:24.137203,257000,4.174655018104818,4.17465576575854,0,4.174663478314342,6.899204957684238
2020-10-05 12:38:56.543067,258000,4.174655018104818,4.17465576575854,0,4.174662990177478,5.262045519026425
2020-10-05 12:39:28.514241,259000,4.174655018104818,4.17465576575854,0,4.174665703825734,5.485548816693755
2020-10-05 12:40:00.530319,260000,4.174655018104818,4.17465576575854,0,4.174659239931165,5.011040389624634
2020-10-05 12:40:32.573314,261000,4.174655018104818,4.174655754661062,2,4.174674588739703,4.834355810593004
2020-10-05 12:41:04.828161,262000,4.174655018104818,4.174655754661062,0,4.174659557746096,5.847937716385535
2020-10-05 12:41:36.971970,263000,4.174655018104818,4.174655754661062,0,4.1746615211988924,5.398080004780355
2020-10-05 12:42:08.986261,264000,4.174655018104818,4.174655754661062,0,4.174659460420942,4.567098878188989
2020-10-05 12:42:41.582739,265000,4.174655018104818,4.174655754661062,0,4.174660930203731,5.7844143622012
2020-10-05 12:43:14.296408,266000,4.174655018104818,4.174655753015489,1,4.174659009312962,5.235743745342357
2020-10-05 12:43:46.575240,267000,4.174655018104818,4.174655753015489,0,4.174661255289855,4.6713328446109434
2020-10-05 12:44:19.210310,268000,4.174655018104818,4.174655753015489,0,4.1746608109519165,5.051228723651261
2020-10-05 12:44:51.519768,269000,4.174655018104818,4.174655753015489,0,4.174660646405909,4.878840996713552
2020-10-05 12:45:23.914172,270000,4.174655018104818,4.174655753015489,0,4.17466153331756,6.470362500868409
2020-10-05 12:45:55.873387,271000,4.174655018104818,4.174655752428766,1,4.174661485784841,6.050213583831951
2020-10-05 12:46:28.113255,272000,4.174655018104818,4.174655752428766,0,4.174659849819395,5.604272374551137
2020-10-05 12:47:00.528105,273000,4.174655018104818,4.174655752428766,0,4.174660597175367,5.414909216396104
2020-10-05 12:47:32.810097,274000,4.174655018104818,4.174655751414674,1,4.1746656803778395,4.960303302352658
2020-10-05 12:48:05.307782,275000,4.174655018104818,4.174655751414674,0,4.174659128016084,5.086156212159876
2020-10-05 12:48:37.483430,276000,4.174655018104818,4.174655751414674,0,4.174665828955104,5.99972885172959
2020-10-05 12:49:09.786467,277000,4.174655018104818,4.174655751414674,0,4.174661062516532,6.004760040246282
2020-10-05 12:49:41.655324,278000,4.174655018104818,4.174655749072428,1,4.174661181754519,5.334915199055982
2020-10-05 12:50:13.808014,279000,4.174655018104818,4.174655749072428,0,4.174670191056797,4.559494318424186
2020-10-05 12:50:46.529352,280000,4.174655018104818,4.174655749072428,0,4.174661072781344,5.50182872292262
2020-10-05 12:51:19.233078,281000,4.174655018104818,4.174655749072428,0,4.174659590549858,4.190778466487023
2020-10-05 12:51:51.518433,282000,4.174655018104818,4.174655749072428,0,4.174661926067865,5.06099825837462
2020-10-05 12:52:23.644087,283000,4.174655018104818,4.174655749072428,0,4.174659731530651,5.607707376096396
2020-10-05 12:52:55.488936,284000,4.174655018104818,4.174655749072428,0,4.174660882342815,4.9204128419648905
2020-10-05 12:53:27.833657,285000,4.174655018104818,4.174655749072428,0,4.174659501490386,4.660242126252334
2020-10-05 12:54:00.099299,286000,4.174655018104818,4.174655749072428,0,4.17469565025097,5.609444490022157
2020-10-05 12:54:32.261262,287000,4.174655018104818,4.174655749072428,0,4.174661628605467,5.1498901795646335
2020-10-05 12:55:04.857836,288000,4.174655018104818,4.174655749072428,0,4.17466125403688,4.772071978098494
2020-10-05 12:55:37.195407,289000,4.174655018104818,4.174655749072428,0,4.174661312669542,5.144629142341002
2020-10-05 12:56:09.842101,290000,4.174655018104818,4.174655749072428,0,4.174660374892524,5.561557411806073
2020-10-05 12:56:41.913897,291000,4.174655018104818,4.174655749072428,0,4.174660688836768,6.341835191939826
2020-10-05 12:57:14.220420,292000,4.174655018104818,4.174655749072428,0,4.174661769858342,5.29863457331616
2020-10-05 12:57:46.835116,293000,4.174655018104818,4.174655749072428,0,4.174657501727085,4.379045596434885
2020-10-05 12:58:19.366055,294000,4.174654923150658,4.174655741159581,1,4.174661113302019,5.488844027852802
2020-10-05 12:58:54.385173,295000,4.174654923150658,4.174655741159581,0,4.174683842101942,6.327017505754537
2020-10-05 12:59:28.760976,296000,4.174654923150658,4.174655741159581,0,4.174659703499808,5.145286108409878
2020-10-05 13:00:01.508931,297000,4.174654923150658,4.174655741159581,0,4.174662251733169,4.821653503982245
2020-10-05 13:00:35.809457,298000,4.174654923150658,4.174655741159581,0,4.174661603221777,4.464894558441118
2020-10-05 13:01:11.117222,299000,4.174654923150658,4.174655741159581,0,4.174659486175257,5.219479141655446
2020-10-05 13:01:56.672395,300000,4.174654923150658,4.174655741159581,0,4.174661375095544,5.926438551200185
2020-10-05 13:02:49.341103,301000,4.174654923150658,4.174655741159581,0,4.1746596835522185,4.996247392171598
2020-10-05 13:03:37.284698,302000,4.174654923150658,4.174655741159581,0,4.174661837335372,4.732040119582497
2020-10-05 13:04:20.413002,303000,4.174654923150658,4.174655741159581,0,4.174662647893964,4.437459290388904
2020-10-05 13:05:01.075584,304000,4.174654923150658,4.174655741159581,0,4.174661592872086,5.507551996202324
2020-10-05 13:05:42.634978,305000,4.174654923150658,4.174655741159581,0,4.17466035807871,4.974487122773286
2020-10-05 13:06:23.175369,306000,4.174654923150658,4.174655741159581,0,4.174660928730153,5.4993402129911715
2020-10-05 13:07:03.917117,307000,4.174654923150658,4.174655741159581,0,4.174661532840384,4.660463746763154
2020-10-05 13:07:44.190088,308000,4.174654923150658,4.174655741159581,0,4.174664326321118,6.193008041445104
2020-10-05 13:08:25.118662,309000,4.174654923150658,4.174655741159581,0,4.174661117128939,4.98665955162564
2020-10-05 13:09:04.488634,310000,4.174654923150658,4.174655741159581,0,4.174660719158078,5.185109339063096
2020-10-05 13:09:44.010217,311000,4.174654923150658,4.174655741159581,0,4.174661051261995,6.370217729001272
2020-10-05 13:10:23.172183,312000,4.174654923150658,4.174655741159581,0,4.17466120770465,5.584136296221286
2020-10-05 13:11:02.462191,313000,4.174654923150658,4.174655739598532,1,4.174663444592179,6.703353118318158
2020-10-05 13:11:41.986963,314000,4.174654923150658,4.174655739598532,0,4.174661631589741,4.537253429459161
2020-10-05 13:12:20.714440,315000,4.174654923150658,4.174655739598532,0,4.1746696619734145,6.222695210675354
2020-10-05 13:13:00.007410,316000,4.174654923150658,4.174655739598532,0,4.1746613450849805,4.639511895307874
2020-10-05 13:13:39.074528,317000,4.174654923150658,4.174655739598532,0,4.174660687282755,4.6427653866338785
2020-10-05 13:14:19.238403,318000,4.174654923150658,4.174655739598532,0,4.17467669861608,6.908207719626866
2020-10-05 13:14:59.448049,319000,4.174654923150658,4.174655739598532,0,4.174660757042321,4.94119582821853
2020-10-05 13:15:39.839932,320000,4.174654923150658,4.174655739598532,0,4.174661952342043,5.491846962130448
2020-10-05 13:16:20.522835,321000,4.174654923150658,4.174655739598532,0,4.174661414048433,5.574729255798139
2020-10-05 13:17:00.409432,322000,4.174654923150658,4.174655719874987,2,4.17466445401558,4.508335889206526
2020-10-05 13:17:41.033271,323000,4.174654923150658,4.174655719874987,0,4.174662066838821,5.0499899961926005
2020-10-05 13:18:22.133621,324000,4.174654923150658,4.174655719874987,0,4.174700127310392,6.79927590238477
2020-10-05 13:19:02.200313,325000,4.174654923150658,4.174655719874987,0,4.174661519828843,4.690149680308626
2020-10-05 13:19:42.528203,326000,4.174654923150658,4.174655719874987,0,4.17465934221021,5.50419419796147
2020-10-05 13:20:22.632804,327000,4.174654923150658,4.174655719874987,0,4.174661689481328,4.682466717713986
2020-10-05 13:21:03.236319,328000,4.174654923150658,4.174655719874987,0,4.174661919235175,6.160767906703062
2020-10-05 13:21:43.742558,329000,4.174654923150658,4.174655719874987,0,4.1746601495654305,5.115225445164355
2020-10-05 13:22:24.133180,330000,4.174654923150658,4.174655719874987,0,4.174661162318151,4.567939853780832
2020-10-05 13:23:04.367288,331000,4.174654923150658,4.174655718240918,1,4.174659730176063,5.054739358233726
2020-10-05 13:23:44.909421,332000,4.174654923150658,4.174655693474485,1,4.174661163260192,5.942213854414002
2020-10-05 13:24:25.200910,333000,4.174654923150658,4.174655693474485,0,4.174660511075849,4.794007918797926
2020-10-05 13:25:05.164413,334000,4.174654923150658,4.174655693474485,0,4.174659482953184,4.738711251231028
2020-10-05 13:25:45.219146,335000,4.174654923150658,4.174655693474485,0,4.174658701344377,4.878024777011292
2020-10-05 13:26:25.684734,336000,4.174654923150658,4.174655693474485,0,4.174662805015982,6.405227934610591
2020-10-05 13:27:05.845392,337000,4.174654923150658,4.174655693474485,0,4.174662295996762,6.111333378796637
2020-10-05 13:27:45.895935,338000,4.174654923150658,4.174655693474485,0,4.17466037310357,6.342878880198458
2020-10-05 13:28:26.357514,339000,4.174654923150658,4.174655693474485,0,4.174663594959626,4.174840870448746
2020-10-05 13:29:07.311023,340000,4.174654923150658,4.174655693474485,0,4.174660554203504,5.577828391257321
2020-10-05 13:29:49.317536,341000,4.174654923150658,4.174655693474485,0,4.174661018524136,5.803993468326216
2020-10-05 13:30:33.794415,342000,4.174654923150658,4.174655693474485,0,4.174661461408378,5.575611832968307
2020-10-05 13:31:17.846451,343000,4.174654923150658,4.174655693474485,0,4.174661467529727,5.53449734467774
2020-10-05 13:32:02.299047,344000,4.174654923150658,4.174655693474485,0,4.174659853139116,4.929547479268382
2020-10-05 13:32:44.132080,345000,4.174654923150658,4.174655693474485,0,4.174660233723872,4.556006114576038
2020-10-05 13:33:25.567454,346000,4.174654923150658,4.174655693474485,0,4.174662800097754,6.998752609452594
2020-10-05 13:34:06.863941,347000,4.174654923150658,4.174655693474485,0,4.1746613393084,5.633162316661852
2020-10-05 13:34:47.598653,348000,4.174654923150658,4.174655693474485,0,4.174662329829151,5.5105174015856635
2020-10-05 13:35:29.385641,349000,4.174654923150658,4.174655693474485,0,4.17466055218682,4.4993115314241106
2020-10-05 13:36:10.178755,350000,4.174654923150658,4.174655692452803,1,4.174670298830251,5.8670009519499935
2020-10-05 13:36:51.359545,351000,4.174654923150658,4.174655692452803,0,4.174661820262933,4.937259292812189
2020-10-05 13:37:32.987393,352000,4.174654923150658,4.174655692452803,0,4.174660877536177,5.266380565243803
2020-10-05 13:38:15.622481,353000,4.174654923150658,4.174655692452803,0,4.174659478985446,5.513374600149941
2020-10-05 13:48:41.634818,354000,4.174654923150658,4.174655692452803,0,4.174661588992449,4.655670451776138
2020-10-05 13:49:21.991797,355000,4.174654923150658,4.174655689542426,1,4.174659531028528,5.441548327183803
2020-10-05 13:50:09.077734,356000,4.174654923150658,4.174655689542426,0,4.174661702028214,5.175802911594127
2020-10-05 13:50:52.192882,357000,4.174654923150658,4.174655689542426,0,4.174661289925642,5.516845752966514
2020-10-05 13:51:31.764726,358000,4.174654923150658,4.174655689542426,0,4.174665386383773,4.740392371662291
2020-10-05 13:52:09.634632,359000,4.174654923150658,4.174655689542426,0,4.174680003594801,5.662268519408127
2020-10-05 13:52:44.558435,360000,4.174654923150658,4.174655689542426,0,4.174660344270347,5.802270572617323
2020-10-05 13:53:20.529401,361000,4.174654923150658,4.174655689542426,0,4.174660570044053,5.236698065713434
2020-10-05 13:53:54.951275,362000,4.174654923150658,4.174655689542426,0,4.174664476964832,6.319341475817866
2020-10-05 13:54:28.667279,363000,4.174654923150658,4.174655688912456,1,4.174664016874851,5.120110009613264
2020-10-05 13:55:02.043310,364000,4.174654923150658,4.174655688912456,0,4.174661602222238,5.510423935797379
2020-10-05 13:55:35.359681,365000,4.174654923150658,4.174655688912456,0,4.1746648756459015,5.099552557182309
2020-10-05 13:56:08.826176,366000,4.174654923150658,4.174655688912456,0,4.174658244304032,5.320386380510458
2020-10-05 13:56:44.788433,367000,4.174654923150658,4.174655688912456,0,4.174660639287462,5.340271448533166
2020-10-05 13:57:23.221229,368000,4.174654923150658,4.174655688912456,0,4.174660371709404,5.190464629641251
2020-10-05 13:58:00.628900,369000,4.174654923150658,4.174655688912456,0,4.174661912474578,6.029196057989449
2020-10-05 13:58:36.853613,370000,4.174654923150658,4.174655688912456,0,4.174659363091196,5.061453360662854
2020-10-05 13:59:12.172432,371000,4.174654923150658,4.174655688912456,0,4.17466412865121,6.40032158795153
2020-10-05 13:59:46.004155,372000,4.174654923150658,4.174655688912456,0,4.174656845534979,5.423587810160726
2020-10-05 14:00:20.465940,373000,4.174654923150658,4.174655688912456,0,4.1746611610484035,5.368900461773144
2020-10-05 14:00:54.802519,374000,4.174654923150658,4.174655688912456,0,4.174660116519947,6.645688625041939
2020-10-05 14:01:29.023666,375000,4.174654923150658,4.174655688912456,0,4.174663689024953,5.458032047284376
2020-10-05 14:01:59.956939,376000,4.174654923150658,4.174655674265068,1,4.174661509276895,7.2384552688217205
2020-10-05 14:02:30.121576,377000,4.174654923150658,4.174655674265068,0,4.174662777651705,5.333388549697641
2020-10-05 14:03:00.512195,378000,4.174654923150658,4.174655663936493,1,4.174662055529157,4.423082186122244
2020-10-05 14:03:32.072991,379000,4.174654923150658,4.174655663936493,0,4.174663606561352,4.9661592800825405
2020-10-05 14:04:04.271114,380000,4.174654923150658,4.174655663936493,0,4.174660733762878,6.363129512137277
2020-10-05 14:04:34.736170,381000,4.174654923150658,4.174655663936493,0,4.174662208200882,5.521926225744874
2020-10-05 14:05:04.873531,382000,4.174654923150658,4.174655663936493,0,4.174659086157322,5.405372609219465
2020-10-05 14:05:34.953710,383000,4.174654923150658,4.174655663936493,0,4.174663712810909,4.66026709715027
2020-10-05 14:06:05.388824,384000,4.174654923150658,4.174655663936493,0,4.174681512323836,6.11607028509657
2020-10-05 14:06:35.552876,385000,4.174654923150658,4.174655663936493,0,4.174661640129585,5.404234306028378
2020-10-05 14:07:05.894663,386000,4.174654923150658,4.174655663936493,0,4.174662678308123,4.946081211891147
2020-10-05 14:07:36.431886,387000,4.174654923150658,4.174655663936493,0,4.174661271097086,4.725655107837064
2020-10-05 14:08:06.830549,388000,4.174654923150658,4.174655663936493,0,4.174660029609784,4.17486324294428
2020-10-05 14:08:36.952664,389000,4.174654923150658,4.174655663936493,0,4.174659841009781,5.951746757042902
2020-10-05 14:09:08.094577,390000,4.174654923150658,4.174655663936493,0,4.174659849139029,5.400492394786974
2020-10-05 14:09:38.147769,391000,4.174654923150658,4.174655663936493,0,4.174661649934821,5.146089890986937
2020-10-05 14:10:08.287587,392000,4.174654923150658,4.174655663936493,0,4.174661507601094,5.435264354392565
2020-10-05 14:10:38.312629,393000,4.174654923150658,4.174655663936493,0,4.174659525822663,4.833053275776697
2020-10-05 14:11:08.526896,394000,4.174654923150658,4.174655663936493,0,4.17466233781225,5.325875073187754
2020-10-05 14:11:38.734491,395000,4.174654923150658,4.174655663936493,0,4.174663386976817,4.660720858862243
2020-10-05 14:12:09.587793,396000,4.174654923150658,4.174655663936493,0,4.17466532037181,5.649375276242119
2020-10-05 14:12:39.956290,397000,4.174654923150658,4.174655663936493,0,4.174660132238893,5.146072981226524
2020-10-05 14:13:10.216253,398000,4.174654923150658,4.174655663936493,0,4.174659675701402,5.466405503789487
2020-10-05 14:13:40.284831,399000,4.174654923150658,4.174655663936493,0,4.174662366852561,5.064885851619411
2020-10-05 14:14:10.591333,400000,4.174654923150658,4.174655663936493,0,4.17466065387285,5.820374007294956
2020-10-05 14:14:40.639435,401000,4.174654923150658,4.174655663936493,0,4.1746605672348815,5.226469838749043
2020-10-05 14:15:10.812160,402000,4.174654923150658,4.174655663936493,0,4.174658772844302,4.886106106473506
2020-10-05 14:15:41.037466,403000,4.174654923150658,4.174655659625093,1,4.174667180936433,6.0479433851377635
2020-10-05 14:16:11.231287,404000,4.174654923150658,4.174655659625093,0,4.174664250498305,6.014150309306476
2020-10-05 14:16:41.358313,405000,4.174654923150658,4.174655659625093,0,4.174659290678826,5.161002192718804
2020-10-05 14:17:12.611861,406000,4.174654923150658,4.174655659625093,0,4.1746632223455435,4.503458524636826
2020-10-05 14:17:43.269189,407000,4.174654923150658,4.174655659625093,0,4.174661904008853,5.1358243320808405
2020-10-05 14:18:13.725521,408000,4.174654923150658,4.174655659625093,0,4.174662546076106,6.949879528338005
2020-10-05 14:18:44.098808,409000,4.174654923150658,4.174655659625093,0,4.174661518526167,5.5610741032954545
2020-10-05 14:19:14.628386,410000,4.174654923150658,4.174655659625093,0,4.174655235334869,5.079340482392305
2020-10-05 14:19:45.116405,411000,4.174654923150658,4.174655659625093,0,4.174662133038166,4.976938604492522
2020-10-05 14:20:15.176656,412000,4.174654923150658,4.174655659625093,0,4.174662838994267,5.463308555075735
2020-10-05 14:20:45.358405,413000,4.174654923150658,4.174655659625093,0,4.1746887493281015,5.402471298349236
2020-10-05 14:21:15.486453,414000,4.174654923150658,4.174655659625093,0,4.1746623806109175,6.15755873741794
2020-10-05 14:21:45.481541,415000,4.174654923150658,4.174655659625093,0,4.174660811397848,6.35087354452374
2020-10-05 14:22:15.678899,416000,4.174654923150658,4.174655659625093,0,4.174661176125048,5.601886863681894
2020-10-05 14:22:45.964174,417000,4.174654923150658,4.174655659625093,0,4.174661037581047,4.174920994114408
2020-10-05 14:23:16.362649,418000,4.174654923150658,4.174655659625093,0,4.174660938451677,5.1492146935801255
2020-10-05 14:23:46.346817,419000,4.174654923150658,4.174655659625093,0,4.174666175488458,5.409146754854646
2020-10-05 14:24:16.570542,420000,4.174654923150658,4.174655659625093,0,4.1746611354531495,5.553439704008689
2020-10-05 14:24:46.768469,421000,4.174654923150658,4.174655659625093,0,4.174660358167967,4.1749564187380255
2020-10-05 14:25:16.962063,422000,4.174654923150658,4.174655659625093,0,4.174663607327173,6.237381004212922
2020-10-05 14:25:47.057243,423000,4.174654923150658,4.174655659625093,0,4.174670970169109,6.211370487741751
2020-10-05 14:26:17.195130,424000,4.174654923150658,4.174655659625093,0,4.1746606531074235,6.5938255515357795
2020-10-05 14:26:47.485943,425000,4.174654923150658,4.174655659625093,0,4.174661848998981,5.607361314538246
2020-10-05 14:27:18.132326,426000,4.174654708851843,4.174655623095408,1,4.174663963788822,5.981948457952639
2020-10-05 14:27:48.920974,427000,4.174654708851843,4.174655623095408,0,4.174660721221743,4.429168369351719
2020-10-05 14:28:19.109959,428000,4.174654708851843,4.174655623095408,0,4.174660843523838,4.999893517704419
2020-10-05 14:28:49.265155,429000,4.174654708851843,4.174655623095408,0,4.174660378380623,6.010092689759861
2020-10-05 14:29:20.060498,430000,4.174654708851843,4.174655623095408,0,4.174658853448535,4.566546915238899
2020-10-05 14:29:50.159937,431000,4.174654708851843,4.174655623095408,0,4.174659791744565,4.72542132768717
2020-10-05 14:30:21.115000,432000,4.174654708851843,4.174655623095408,0,4.174660767017804,4.682377560181084
2020-10-05 14:30:51.312297,433000,4.174654708851843,4.174655623095408,0,4.174662284584383,4.672557259044907
2020-10-05 14:31:21.845421,434000,4.174654708851843,4.174655623095408,0,4.1746604710901085,5.129342113856068
2020-10-05 14:31:52.324685,435000,4.174654708851843,4.174655623095408,0,4.174659448924515,4.677733926378953
2020-10-05 14:32:22.541984,436000,4.174654708851843,4.174655623095408,0,4.174660583646446,4.810900576390125
2020-10-05 14:32:52.737660,437000,4.174654708851843,4.174655623095408,0,4.174662312692331,5.9487320684205125
2020-10-05 14:33:23.309943,438000,4.174654708851843,4.174655623095408,0,4.174660535202961,5.074859118458234
2020-10-05 14:33:53.585991,439000,4.174654708851843,4.174655623095408,0,4.17466465055678,5.568449621553074
2020-10-05 14:34:24.049910,440000,4.174654708851843,4.174655623095408,0,4.174665256052209,6.01669588082326
2020-10-05 14:34:54.467578,441000,4.174654708851843,4.174655623095408,0,4.1746736828994235,5.554902226109625
2020-10-05 14:35:24.911082,442000,4.174654708851843,4.174655613637243,1,4.174661431890475,6.606318711995108
2020-10-05 14:35:55.039376,443000,4.174654708851843,4.174655613637243,0,4.17466136037365,5.670948388603128
2020-10-05 14:36:25.202571,444000,4.174654708851843,4.174655613637243,0,4.174661227855861,5.779741245574815
2020-10-05 14:36:55.643580,445000,4.174654708851843,4.174655613637243,0,4.17466613695629,5.534439790612072
2020-10-05 14:37:26.607565,446000,4.174654708851843,4.174655613637243,0,4.174662907037088,5.241932920977692
2020-10-05 14:37:56.969783,447000,4.174654708851843,4.174655612719716,1,4.174661940112351,4.777675878141257
2020-10-05 14:38:28.064561,448000,4.174654708851843,4.174655612719716,0,4.1746591144299074,5.311049837388151
2020-10-05 14:38:58.949063,449000,4.174654708851843,4.174655612719716,0,4.174661468143868,6.234117944722968
2020-10-05 14:39:29.773243,450000,4.174654708851843,4.174655612719716,0,4.174655531187284,4.972216129554643
2020-10-05 14:39:59.882598,451000,4.174654708851843,4.174655612719716,0,4.174659174429106,4.662710230038811
2020-10-05 14:40:30.091893,452000,4.174654609572006,4.174655596046327,1,4.174662457060822,6.197307388808323
2020-10-05 14:41:00.395981,453000,4.174654482376392,4.174655577173372,1,4.174663264382279,5.302606323373643
2020-10-05 14:41:31.450504,454000,4.174654482376392,4.1746555523014655,1,4.1746605693545495,4.949248836510216
2020-10-05 14:42:02.029379,455000,4.174654482376392,4.1746555523014655,0,4.174660722693029,5.818233572394278
2020-10-05 14:42:32.449616,456000,4.174654482376392,4.1746555523014655,0,4.174660707294547,5.261899556125942
2020-10-05 14:43:03.044916,457000,4.174654482376392,4.1746555523014655,0,4.174660228075063,4.6601974844498635
2020-10-05 14:43:33.302568,458000,4.174654482376392,4.1746555523014655,0,4.174661181643208,6.2025119878879025
2020-10-05 14:44:04.190812,459000,4.174654482376392,4.1746555523014655,0,4.174661676852277,5.252727965125534
2020-10-05 14:44:34.542984,460000,4.174654482376392,4.1746555523014655,0,4.174662027233628,5.26818174737192
2020-10-05 14:45:05.138036,461000,4.174654482376392,4.1746555523014655,0,4.174659618402893,5.603657789403177
2020-10-05 14:45:35.704123,462000,4.174654482376392,4.1746555523014655,0,4.174663533625258,4.715016624910562
2020-10-05 14:46:06.176158,463000,4.174654482376392,4.1746555523014655,0,4.174659767302765,5.441444902478392
2020-10-05 14:46:36.285158,464000,4.174654482376392,4.1746555523014655,0,4.174662080005948,4.999134176975691
2020-10-05 14:47:07.475219,465000,4.174654482376392,4.1746555523014655,0,4.174661260895217,5.049570433983459
2020-10-05 14:47:37.920445,466000,4.1746542145453205,4.174655423374907,1,4.1746630400138365,4.61354497157028
2020-10-05 14:48:08.666429,467000,4.1746542145453205,4.174655423374907,0,4.174664275680438,5.073576182447511
2020-10-05 14:48:39.090142,468000,4.1746542145453205,4.174655423374907,0,4.174661149408209,6.19522331103444
2020-10-05 14:49:10.800199,469000,4.1746542145453205,4.174655423374907,0,4.174660260706206,5.05276424681269
2020-10-05 14:49:41.406950,470000,4.1746542145453205,4.174655423374907,0,4.174668018575511,5.7507123551344135
2020-10-05 14:50:11.875826,471000,4.1746542145453205,4.174655423374907,0,4.174675692732796,6.425027644645902
2020-10-05 14:50:42.330267,472000,4.1746542145453205,4.174655423374907,0,4.174661439413738,5.853959819388528
2020-10-05 14:51:13.116268,473000,4.1746542145453205,4.174655423374907,0,4.174661471102727,5.104031316538628
2020-10-05 14:51:43.609734,474000,4.1746542145453205,4.174655423374907,0,4.174661363062561,4.9189810736730815
2020-10-05 14:52:15.212283,475000,4.1746542145453205,4.174655423374907,0,4.17466173535506,6.558242138346846
2020-10-05 14:52:45.599732,476000,4.1746542145453205,4.174655423374907,0,4.1746624445512674,5.534618900055989
2020-10-05 14:53:16.154653,477000,4.1746542145453205,4.174655423374907,0,4.174661493703273,5.015050135049463
2020-10-05 14:53:46.766779,478000,4.1746542145453205,4.174655423374907,0,4.17466379119925,5.5198420200999365
2020-10-05 14:54:17.477644,479000,4.1746542145453205,4.174655423374907,0,4.174660179760476,5.735767929644045
2020-10-05 14:54:47.612075,480000,4.1746542145453205,4.174655423374907,0,4.174662004614023,5.320773299449546
2020-10-05 14:55:18.593989,481000,4.1746542145453205,4.174655423374907,0,4.174663964578432,4.895168212795041
2020-10-05 14:55:48.704582,482000,4.1746542145453205,4.174655423374907,0,4.17466052719407,4.792395396952395
2020-10-05 14:56:19.431610,483000,4.1746542145453205,4.174655423374907,0,4.1746601747363625,5.776880865743585
2020-10-05 14:56:50.091170,484000,4.1746542145453205,4.174655423374907,0,4.174660915675768,5.542139238523684
2020-10-05 14:57:21.885540,485000,4.1746542145453205,4.174655423374907,0,4.174660787771671,6.0722115524845135
2020-10-05 14:57:53.945590,486000,4.1746542145453205,4.174655423374907,0,4.174660861988581,4.686731452644946
2020-10-05 14:58:28.301794,487000,4.1746542145453205,4.174655423374907,0,4.1746608518417085,5.6332586613230555
2020-10-05 14:59:01.840169,488000,4.1746542145453205,4.174655423374907,0,4.17466169485143,5.048533290211936
2020-10-05 14:59:32.884184,489000,4.1746542145453205,4.174655423374907,0,4.174660073318511,5.604801797092389
2020-10-05 15:00:03.976585,490000,4.1746542145453205,4.174655423374907,0,4.174660276993215,6.728490001051788
2020-10-05 15:00:34.830951,491000,4.1746542145453205,4.174655423374907,0,4.174660245832926,4.990885641798759
2020-10-05 15:01:06.142990,492000,4.1746542145453205,4.174655423374907,0,4.174660880239214,5.590853676670399
2020-10-05 15:01:38.081932,493000,4.1746542145453205,4.174655423374907,0,4.1746681620350365,5.076793126829835
2020-10-05 15:02:08.945511,494000,4.1746542145453205,4.174655423374907,0,4.1746627603241615,4.56771401960595
2020-10-05 15:02:39.376593,495000,4.1746542145453205,4.174655423374907,0,4.174662750699205,5.537433534966339
2020-10-05 15:03:10.760356,496000,4.1746542145453205,4.174655423374907,0,4.174681159409272,5.137138756246013
2020-10-05 15:03:42.049449,497000,4.1746542145453205,4.174655423374907,0,4.174659913818088,5.891660597323299
2020-10-05 15:04:15.822092,498000,4.1746542145453205,4.174655423374907,0,4.174656412393989,5.439528570815128
2020-10-05 15:04:51.489150,499000,4.1746542145453205,4.174655423374907,0,4.174661505698051,4.4611869470524885
2020-10-05 15:05:26.778156,500000,4.1746542145453205,4.174655423374907,0,4.174660779870245,5.706191747319916
2020-10-05 15:06:01.387200,501000,4.1746542145453205,4.174655423374907,0,4.174663313995796,5.9207966352150825
2020-10-05 15:06:33.406600,502000,4.1746542145453205,4.174655423374907,0,4.1747070563753015,7.119091600701313
2020-10-05 15:07:05.427690,503000,4.1746542145453205,4.174655423374907,0,4.174664379847084,6.115155803209714
2020-10-05 15:07:38.857509,504000,4.1746542145453205,4.174655423374907,0,4.174660167790464,5.725587277882283
2020-10-05 15:08:12.414776,505000,4.1746542145453205,4.174655423374907,0,4.174660833295965,6.564472810389994
2020-10-05 15:08:44.248072,506000,4.1746542145453205,4.174655423374907,0,4.174663078727167,5.630327044960743
2020-10-05 15:09:16.532734,507000,4.1746542145453205,4.174655423374907,0,4.174718634790248,6.396012291316732
2020-10-05 15:09:49.275298,508000,4.1746542145453205,4.174655423374907,0,4.174660933550581,5.266144000607461
2020-10-05 15:10:21.896607,509000,4.1746542145453205,4.174655423374907,0,4.174662594336619,5.1453091125330905
2020-10-05 15:10:56.066553,510000,4.1746542145453205,4.174655423374907,0,4.174663787865904,4.40280646611478
2020-10-05 15:11:28.278540,511000,4.1746542145453205,4.174655423374907,0,4.174660571939328,4.6620768577677145
2020-10-05 15:12:01.385560,512000,4.1746542145453205,4.174655423374907,0,4.174663648317133,4.658588697479468
2020-10-05 15:12:33.493716,513000,4.1746542145453205,4.174655423374907,0,4.174664339861397,4.614398582644863
2020-10-05 15:13:05.108131,514000,4.1746542145453205,4.174655423374907,0,4.174660074495933,4.38761582587984
2020-10-05 15:13:36.939586,515000,4.1746542145453205,4.174655423374907,0,4.174661600793534,5.833808738656363
2020-10-05 15:14:08.263801,516000,4.1746542145453205,4.174655423374907,0,4.174658252243305,4.540418699137688
2020-10-05 15:14:39.151565,517000,4.1746542145453205,4.174655420700666,1,4.174657052313077,6.115355229691077
2020-10-05 15:15:10.350578,518000,4.1746542145453205,4.174655420700666,0,4.174661959566215,5.189143161286359
2020-10-05 15:15:41.288474,519000,4.1746542145453205,4.174655420700666,0,4.174662772532996,5.144951515217304
2020-10-05 15:16:12.284426,520000,4.1746542145453205,4.174655420700666,0,4.174661090138124,4.65954770199656
2020-10-05 15:16:43.299353,521000,4.1746542145453205,4.174655420700666,0,4.174661620165309,6.394626239176347
2020-10-05 15:17:14.834410,522000,4.1746542145453205,4.174655420700666,0,4.174662176523648,5.335454742190809
2020-10-05 15:17:46.179286,523000,4.1746542145453205,4.174655420700666,0,4.1746622090903145,6.472234754316034
2020-10-05 15:18:18.023506,524000,4.1746542145453205,4.174655420700666,0,4.174661265291331,5.9662059298528085
2020-10-05 15:18:49.007490,525000,4.1746542145453205,4.174655420700666,0,4.174664175969205,5.601949225564284
2020-10-05 15:19:20.963747,526000,4.1746542145453205,4.174655420700666,0,4.174660434809522,6.156748843925752
2020-10-05 15:19:51.725353,527000,4.1746542145453205,4.174655420700666,0,4.174659512231498,6.330857330747329
2020-10-05 15:20:22.777349,528000,4.1746542145453205,4.174655420700666,0,4.174662345925198,5.872744675816158
2020-10-05 15:20:53.462505,529000,4.1746542145453205,4.174655420700666,0,4.174662529049774,5.038982923308071
2020-10-05 15:21:24.868089,530000,4.1746542145453205,4.174655420700666,0,4.174676744171219,5.549670122608403
2020-10-05 15:21:56.481907,531000,4.1746542145453205,4.174655420700666,0,4.174663447921411,5.1120586897674025
2020-10-05 15:22:27.523505,532000,4.1746542145453205,4.174655420700666,0,4.174660601225179,4.80519434886217
2020-10-05 15:22:58.326651,533000,4.1746542145453205,4.174655420700666,0,4.174662985629029,4.8377131245908425
2020-10-05 15:23:29.753021,534000,4.1746542145453205,4.174655420700666,0,4.174660216835733,5.918092844878683
2020-10-05 15:24:01.287093,535000,4.1746542145453205,4.174655420700666,0,4.174660853390562,4.959625348485485
2020-10-05 15:24:32.274815,536000,4.1746542145453205,4.174655420700666,0,4.174659324761751,5.149041910063267
2020-10-05 15:25:03.898104,537000,4.1746542145453205,4.174655420700666,0,4.174681482162169,6.32030036177262
2020-10-05 15:25:38.471170,538000,4.1746542145453205,4.174655420700666,0,4.174661433362706,5.110407928725819
2020-10-05 15:26:12.057591,539000,4.1746542145453205,4.174655420700666,0,4.174663975630472,5.603189029350929
2020-10-05 15:26:43.643849,540000,4.1746542145453205,4.174655420700666,0,4.174660864141174,5.090623831067334
2020-10-05 15:27:16.154251,541000,4.1746542145453205,4.174655420700666,0,4.1746660301549605,6.014234602228548
2020-10-05 15:27:48.277188,542000,4.1746542145453205,4.174655420700666,0,4.174661890933613,4.1750501736242445
2020-10-05 15:28:20.145306,543000,4.1746542145453205,4.174655420700666,0,4.174660112211722,5.533433367759561
2020-10-05 15:28:52.000877,544000,4.1746542145453205,4.174655420700666,0,4.174661499720642,5.98885218880475
2020-10-05 15:29:23.544829,545000,4.1746542145453205,4.174655420700666,0,4.174660745785937,5.244433652521487
2020-10-05 15:29:55.378851,546000,4.1746542145453205,4.174655420700666,0,4.1746659702224305,4.653627529056139
2020-10-05 15:30:28.485371,547000,4.1746542145453205,4.174655420700666,0,4.1746606396432036,4.621886811974364
2020-10-05 15:31:00.774702,548000,4.1746542145453205,4.174655420700666,0,4.174661688877875,6.025987338688246
2020-10-05 15:31:32.846280,549000,4.1746542145453205,4.174655420700666,0,4.174662034705235,4.977620006643666
2020-10-05 15:32:05.660051,550000,4.1746542145453205,4.174655420700666,0,4.1746605455646675,5.241356904030717
2020-10-05 15:32:38.436451,551000,4.1746542145453205,4.174655420700666,0,4.174665398506215,5.349990995568796
2020-10-05 15:33:11.297814,552000,4.1746542145453205,4.174655420700666,0,4.174661125240565,4.982404091937566
2020-10-05 15:33:43.630358,553000,4.1746542145453205,4.174655420700666,0,4.174662635229831,5.072929049858232
2020-10-05 15:34:18.114436,554000,4.1746542145453205,4.174655420700666,0,4.174670367324951,5.371607852115631
2020-10-05 15:34:50.815426,555000,4.1746542145453205,4.174655420700666,0,4.174661609473682,5.701964378146447
2020-10-05 15:35:23.044502,556000,4.1746542145453205,4.174655420700666,0,4.174661619974494,5.125194263263519
2020-10-05 15:35:55.673055,557000,4.1746542145453205,4.174655420700666,0,4.174660592340487,6.494637427886755
2020-10-05 15:36:30.118329,558000,4.1746542145453205,4.174655420700666,0,4.174660500933229,5.2585473548523565
2020-10-05 15:37:04.338352,559000,4.1746542145453205,4.174655420700666,0,4.174665498936321,5.7347523501952935
2020-10-05 15:37:36.578927,560000,4.1746542145453205,4.174655420700666,0,4.174662435731513,5.670124231454488
2020-10-05 15:38:12.433783,561000,4.1746542145453205,4.174655420700666,0,4.174659559025565,5.990155638244475
2020-10-05 15:38:52.608733,562000,4.1746542145453205,4.174655420700666,0,4.174660314606805,4.56260118678041
2020-10-05 15:39:29.747129,563000,4.1746542145453205,4.174655420700666,0,4.174661281735684,4.663614915621823
2020-10-05 15:40:06.267982,564000,4.1746542145453205,4.174655420700666,0,4.174662286415427,6.100198235108057
2020-10-05 15:40:40.583001,565000,4.1746542145453205,4.174655420700666,0,4.174662378421369,5.522058549253722
2020-10-05 15:41:13.673291,566000,4.1746542145453205,4.174655420700666,0,4.174662472853135,5.182860458148944
2020-10-05 15:41:47.885382,567000,4.1746542145453205,4.174655420700666,0,4.174657947145495,5.872714598300701
2020-10-05 15:42:21.683746,568000,4.1746542145453205,4.174655420700666,0,4.17466096677087,4.515207608570888
2020-10-05 15:42:52.765707,569000,4.1746542145453205,4.174655420700666,0,4.174692800928471,6.89069518249422
2020-10-05 15:43:24.480161,570000,4.1746542145453205,4.174655420700666,0,4.174661555097687,5.103299154640122
2020-10-05 15:43:57.480235,571000,4.1746542145453205,4.174655420700666,0,4.174661776054984,5.95039877605425
2020-10-05 15:44:29.990562,572000,4.1746542145453205,4.174655420700666,0,4.174660687660889,6.668785280466913
2020-10-05 15:45:02.232968,573000,4.1746542145453205,4.174655420700666,0,4.174660296918512,6.010941946314873
2020-10-05 15:45:34.363080,574000,4.1746542145453205,4.174655420700666,0,4.174662541958453,5.739279111082342
2020-10-05 15:46:05.935154,575000,4.1746542145453205,4.174655420700666,0,4.174659927565045,5.767460939474315
2020-10-05 15:46:37.542626,576000,4.1746542145453205,4.174655420700666,0,4.174659890996825,5.157839452669211
2020-10-05 15:47:09.467609,577000,4.1746542145453205,4.174655420700666,0,4.174660407716743,5.092768507678692
2020-10-05 15:47:41.219055,578000,4.1746542145453205,4.174655420700666,0,4.174660796661453,5.584897136889508
2020-10-05 15:48:13.325818,579000,4.1746542145453205,4.174655420700666,0,4.17466117080115,5.7155560435981165
2020-10-05 15:48:45.169095,580000,4.1746542145453205,4.174655420700666,0,4.17466176514578,5.905901451864362
2020-10-05 15:49:17.531841,581000,4.1746542145453205,4.174655420700666,0,4.174674547406863,5.468163397676084
2020-10-05 15:49:50.375631,582000,4.1746542145453205,4.174655420700666,0,4.17465871067175,4.174859359283325
2020-10-05 15:50:22.449097,583000,4.1746542145453205,4.174655420700666,0,4.174663824307895,5.6305165698191715
2020-10-05 15:50:55.278187,584000,4.1746542145453205,4.174655420700666,0,4.174660796190571,4.317485069662562
2020-10-05 15:51:28.678657,585000,4.1746542145453205,4.174655420700666,0,4.174687276888375,5.034835352757041
2020-10-05 15:52:02.185877,586000,4.1746542145453205,4.174655420700666,0,4.174664561093614,6.305501615815177
2020-10-05 15:52:35.250885,587000,4.1746542145453205,4.174655420700666,0,4.17466035237981,5.305559082061403
2020-10-05 15:53:08.833115,588000,4.1746542145453205,4.174655420700666,0,4.174662543237846,5.107049757878124
2020-10-05 15:53:41.882079,589000,4.1746542145453205,4.174655420700666,0,4.174659347609667,5.712603486777826
2020-10-05 15:54:15.535498,590000,4.1746542145453205,4.174655420700666,0,4.174656585354699,5.951699067852
2020-10-05 15:54:48.587402,591000,4.1746542145453205,4.174655420700666,0,4.174661310024501,4.441287094651723
2020-10-05 15:55:22.236230,592000,4.1746542145453205,4.174655420700666,0,4.174665026335947,6.688016264590825
2020-10-05 15:55:54.927883,593000,4.1746542145453205,4.174655420700666,0,4.174665004613732,5.7829559422209025
2020-10-05 15:56:27.755131,594000,4.1746542145453205,4.174655420700666,0,4.174657540534458,4.987903871653121
2020-10-05 15:57:01.002222,595000,4.1746542145453205,4.174655420700666,0,4.174662663932519,5.250450122872242
2020-10-05 15:57:34.530702,596000,4.1746542145453205,4.174655420700666,0,4.1746607183240085,4.660255422253466
2020-10-05 15:58:07.893263,597000,4.1746542145453205,4.174655420700666,0,4.174661362176713,4.571366069187909
2020-10-05 15:58:41.469321,598000,4.1746542145453205,4.174655420700666,0,4.174660439616498,4.9121803841412985
2020-10-05 15:59:15.761816,599000,4.1746542145453205,4.174655420700666,0,4.174661167707431,5.677770196160338
2020-10-05 15:59:53.455683,600000,4.1746542145453205,4.17465541538566,1,4.174673271177808,6.836585057690967
2020-10-05 16:00:30.281769,601000,4.1746542145453205,4.17465541538566,0,4.174663000258556,5.745280834612814
2020-10-05 16:01:04.167603,602000,4.1746542145453205,4.17465541538566,0,4.1746619971513095,5.335691707179606
2020-10-05 16:01:37.376573,603000,4.1746542145453205,4.17465541538566,0,4.1746619143394454,4.507098264459926
2020-10-05 16:02:11.358178,604000,4.1746542145453205,4.17465541538566,0,4.1746780755918,6.107707452257657
2020-10-05 16:02:44.321449,605000,4.1746542145453205,4.17465541538566,0,4.174664940487737,5.869667328662548
2020-10-05 16:03:17.418150,606000,4.1746542145453205,4.174655414621484,1,4.174659839797986,5.68766560709964
2020-10-05 16:03:53.205636,607000,4.1746542145453205,4.174655414621484,0,4.1746613266595975,6.2006800308659775
2020-10-05 16:04:29.061880,608000,4.1746542145453205,4.174655414621484,0,4.174660885462766,5.631111902033468
2020-10-05 16:05:03.382934,609000,4.1746542145453205,4.174655414621484,0,4.17466065945698,5.598688331148349
2020-10-05 16:05:39.315872,610000,4.1746542145453205,4.174655414621484,0,4.17466328378131,5.023880123989928
2020-10-05 16:06:13.577556,611000,4.1746542145453205,4.174655414621484,0,4.174662749995556,5.277365025052018
2020-10-05 16:06:50.981480,612000,4.1746542145453205,4.174655414621484,0,4.1746623188214445,4.849507301158808
2020-10-05 16:07:27.691893,613000,4.1746542145453205,4.174655414621484,0,4.174732506601942,5.356233786388233
2020-10-05 16:08:01.674886,614000,4.1746542145453205,4.174655414621484,0,4.174666253080531,4.680379135401894
2020-10-05 16:08:34.981042,615000,4.1746542145453205,4.174655414621484,0,4.174660105662485,5.257562231766621
2020-10-05 16:09:08.836972,616000,4.1746542145453205,4.174655414621484,0,4.174661225842314,5.725783229727462
2020-10-05 16:09:42.500624,617000,4.1746542145453205,4.174655414621484,0,4.174660070156026,4.694882412480843
2020-10-05 16:10:16.922259,618000,4.1746542145453205,4.174655414621484,0,4.174660239567779,5.231019824634674
2020-10-05 16:10:51.566226,619000,4.1746542145453205,4.174655414621484,0,4.174660373278517,5.039802399248084
2020-10-05 16:11:27.785334,620000,4.1746542145453205,4.174655414621484,0,4.174669515770467,7.153973070338307
2020-10-05 16:12:02.513140,621000,4.1746542145453205,4.174655414621484,0,4.174660477223192,4.659250329661215
2020-10-05 16:12:36.039167,622000,4.1746542145453205,4.174655414621484,0,4.174661062015547,5.719901820003764
2020-10-05 16:13:09.657746,623000,4.1746542145453205,4.174655414621484,0,4.174661859635449,4.1868833061577275
2020-10-05 16:13:43.362320,624000,4.1746542145453205,4.174655414621484,0,4.17466054297077,4.993579153512378
2020-10-05 16:14:17.422634,625000,4.1746542145453205,4.174655414621484,0,4.174663310533078,5.085117284932118
2020-10-05 16:14:51.311701,626000,4.1746542145453205,4.174655412913592,1,4.174661836313735,4.774823389128451
2020-10-05 16:15:24.599300,627000,4.1746542145453205,4.174655412913592,0,4.174660584285629,5.035216978360194
2020-10-05 16:15:58.504849,628000,4.1746542145453205,4.174655412913592,0,4.174662983350329,5.852239056735518
2020-10-05 16:16:32.139629,629000,4.1746542145453205,4.174655412913592,0,4.174661405937172,5.409767212731052
2020-10-05 16:17:06.387393,630000,4.1746542145453205,4.174655412913592,0,4.17466247849978,5.966846147028442
2020-10-05 16:17:40.727068,631000,4.1746542145453205,4.174655412913592,0,4.174662780378385,5.560266715080297
2020-10-05 16:18:16.099583,632000,4.1746542145453205,4.174655412913592,0,4.174659471693319,5.142764567265184
2020-10-05 16:18:51.995947,633000,4.1746542145453205,4.174655412913592,0,4.174664822485165,4.331659099217659
2020-10-05 16:19:27.658198,634000,4.1746542145453205,4.174655412913592,0,4.1746579795076055,4.897588911328005
2020-10-05 16:20:01.433817,635000,4.1746542145453205,4.174655412913592,0,4.174663773046609,5.133445766487383
2020-10-05 16:20:35.193011,636000,4.1746542145453205,4.174655412913592,0,4.174693892358146,5.877605312000342
2020-10-05 16:21:09.676178,637000,4.1746542145453205,4.174655412913592,0,4.174664851445276,5.69597581494986
2020-10-05 16:21:43.311197,638000,4.1746542145453205,4.174655412913592,0,4.174661207376285,6.236379471022
2020-10-05 16:22:18.034810,639000,4.1746542145453205,4.174655412913592,0,4.174661669148858,6.138977078289543
2020-10-05 16:22:55.402083,640000,4.1746542145453205,4.174655412913592,0,4.174668160356902,5.893710403800291
2020-10-05 16:23:30.516999,641000,4.1746542145453205,4.174655412913592,0,4.174660594090619,5.878678239032513
2020-10-05 16:24:06.334039,642000,4.1746542145453205,4.174655412913592,0,4.17466107618998,4.17495043694761
2020-10-05 16:24:43.583987,643000,4.1746542145453205,4.174655412913592,0,4.1746704270953,5.05634180816202
2020-10-05 16:25:20.356711,644000,4.1746542145453205,4.174655412913592,0,4.174688060979753,7.231324187449556
2020-10-05 16:25:55.504931,645000,4.1746542145453205,4.174655412913592,0,4.174660819258758,6.023290279244679
2020-10-05 16:26:32.322266,646000,4.1746542145453205,4.174655412913592,0,4.174666372797308,4.960951931594125
2020-10-05 16:27:08.744516,647000,4.1746542145453205,4.174655412913592,0,4.1746655597625395,5.586301688976754
2020-10-05 16:27:43.787261,648000,4.1746542145453205,4.174655412913592,0,4.174659272359432,4.557249684776508
2020-10-05 16:28:22.574766,649000,4.1746542145453205,4.174655412913592,0,4.174661988139717,5.9371933866781355
2020-10-05 16:28:56.807944,650000,4.1746542145453205,4.174655412913592,0,4.174660842270806,5.006350846090979
2020-10-05 16:29:30.511560,651000,4.1746542145453205,4.174655412913592,0,4.174661626024874,5.866353455498287
2020-10-05 16:30:03.514949,652000,4.1746542145453205,4.174655412913592,0,4.1746612279926465,6.01309692676791
2020-10-05 16:30:36.878506,653000,4.1746542145453205,4.174655412913592,0,4.174661696596374,6.516877889905999
2020-10-05 16:31:10.306482,654000,4.1746542145453205,4.174655412913592,0,4.174802670645125,5.916820938608008
2020-10-05 16:31:43.719764,655000,4.1746542145453205,4.174655412913592,0,4.174667466147556,4.52678937155346
2020-10-05 16:32:18.577801,656000,4.1746542145453205,4.174655412913592,0,4.174661387285091,5.174881416104934
2020-10-05 16:32:52.176276,657000,4.1746542145453205,4.174655412913592,0,4.174665247821686,5.103542398225675
2020-10-05 16:33:25.780318,658000,4.1746542145453205,4.174655412913592,0,4.1746651457563075,5.548438317187178
2020-10-05 16:34:00.479162,659000,4.1746542145453205,4.174655412913592,0,4.174660550107594,5.972367922549229
2020-10-05 16:34:36.741234,660000,4.1746542145453205,4.174655412913592,0,4.174668045175138,5.47823037431315
2020-10-05 16:35:14.904082,661000,4.1746542145453205,4.174655412913592,0,4.174661834512133,5.502997569821517
2020-10-05 16:35:53.263199,662000,4.1746542145453205,4.174655412913592,0,4.174660577849539,5.411936358997035
2020-10-05 16:36:36.782085,663000,4.1746542145453205,4.174655412913592,0,4.174662205142181,5.205856943970173
2020-10-05 16:37:16.385854,664000,4.1746542145453205,4.174655412913592,0,4.174660298685634,4.8145055150567275
2020-10-05 16:37:56.087958,665000,4.1746542145453205,4.174655412913592,0,4.174662502554517,5.591378115464665
2020-10-05 16:38:45.008022,666000,4.1746542145453205,4.174655412913592,0,4.174660188410042,5.142932965830649
